codigo_unidad;nombre_unidad;codigo_organismo;nombre_organismo;region;comuna;oc_convenio_marco
1000813;"Jef Adm y Logística - Campo Militar ""Austral""";111870;DIVISION LOGISTICA DEL EJERCITO;Región de Magallanes y de la Antártica;Punta Arenas;1
1001;Dirección de Vialidad - IX Región - Dirección Regional;7248;MINISTERIO DE OBRAS PUBLICAS DIREC CION GRAL DE OO PP DCYF;Región de la Araucanía;Temuco;4
1002;Dirección de Vialidad - X Región - Dirección Regional;7248;MINISTERIO DE OBRAS PUBLICAS DIREC CION GRAL DE OO PP DCYF;Región de los Lagos;Puerto Montt;7
1002584;Dirección de Educación Pública;1593363;DIRECCION DE EDUCACION PUBLICA;Región Metropolitana de Santiago;Santiago;8
1002588;SERVICIO LOCAL DE EDUCACION DE PUERTO CORDILLERA;1593366;SERVICIO LOCAL DE EDUCACION DE PUERTO CORDILLERA;Región de Coquimbo;Coquimbo;2
1002772;INSUMOS CLINICOS;7383;SERVICIO SALUD OCCIDENTE HOSPITAL DR FELIX BULNES CERDA;;;35
1003;Dirección de Vialidad - XI Región - Dirección Regional;7248;MINISTERIO DE OBRAS PUBLICAS DIREC CION GRAL DE OO PP DCYF;Región Aysén del General Carlos Ibáñez del Campo;Coyhaique;6
1003473;INSUMOS CLINICOS;7452;SERVICIO DE SALUD DEL MAULE HOSPITAL DE CURICO;Región del Maule;Curicó;16
1005498;COMISION PARA EL MERCADO FINANCIERO;7016;COMISION PARA EL MERCADO FINANCIERO;Región Metropolitana de Santiago;Santiago Centro;2
1006;Dirección de Vialidad - XII Región - Dirección Regional;7248;MINISTERIO DE OBRAS PUBLICAS DIREC CION GRAL DE OO PP DCYF;Región de Magallanes y de la Antártica;Punta Arenas;3
1007793;Rectoría;1598310;CENTRO DE FORMACION TECNICA ESTATAL DE LA REGION DE LOS LAGOS;Región de los Lagos;Llanquihue;2
1009566;DIVLOG - Jefatura Adm. y Logística;111870;DIVISION LOGISTICA DEL EJERCITO;Región Metropolitana de Santiago;Estación Central;5
1011183;SAG - ÑUBLE;6919;SERVICIO AGRICOLA Y GANADERO;Región del Ñuble;Chillán;3
1013609;"Jef Adm. y Logistica - Campo Militar ""Antofagasta""";111870;DIVISION LOGISTICA DEL EJERCITO;Región de Antofagasta;Antofagasta;4
1016;Dirección de Planeamiento - MOP;7067;MINISTERIO DE OBRAS PUBLICAS DIREC CION GRAL DE OO PP DCYF;Región Metropolitana de Santiago;Santiago Centro;4
1016414;CNTV;1606467;CONSEJO NACIONAL DE TELEVISION;Región Metropolitana de Santiago;Providencia;3
1018;Dirección de Arquitectura - MOP;7245;MINISTERIO DE OBRAS PUBLICAS DIREC CION GRAL DE OO PP DCYF;Región Metropolitana de Santiago;Santiago Centro;1
1019;MINISTERIO DE OBRAS PUBLICAS DIREC CION GRAL DE OO;7247;MINISTERIO DE OBRAS PUBLICAS DIREC CION GRAL DE OO PP DCYF;Región Metropolitana de Santiago;Santiago;1
1020;MOP Subsecretaría ;7249;MINISTERIO DE OBRAS PUBLICAS DIREC CION GRAL DE OO PP DCYF;Región Metropolitana de Santiago;Santiago;1
1021609;CONVENIO DE SUMINISTRO;7440;SERVICIO DE SALUD HOSPITAL DE RENGO;Región del Libertador General Bernardo O´Higgins;Rengo;1
1024;Dirección de Vialidad - I Región - Dirección Regional;7248;MINISTERIO DE OBRAS PUBLICAS DIREC CION GRAL DE OO PP DCYF;Región de Tarapacá;Iquique;2
1028;Dirección de Vialidad - V Región - Dirección Regional;7248;MINISTERIO DE OBRAS PUBLICAS DIREC CION GRAL DE OO PP DCYF;Región de Valparaíso;Valparaíso;2
1028871;Subdirección de administración y finanzas;1622793;SERVICIO LOCAL DE EDUCACIÓN PÚBLICA DE HUASCO;Región de Atacama;Vallenar;33
1028897;Subdirección de administración y finanzas;1622818;SERVICIO LOCAL DE EDUCACION COSTA ARAUCANIA;Región de la Araucanía;Carahue;3
1029940;SUBSECRETARÍA DEL PATRIMONIO CULTURAL;1623817;SUBSECRETARIA DEL PATRIMONIO CULTURAL;;;4
1035;VI - Oficina Regional y Prov. Cachapoal;6924;CORP NACIONAL FORESTAL;Región del Libertador General Bernardo O´Higgins;Rancagua;1
1035685;Dirección económica y administrativa.;1629281;CENTRO DE FORMACION TECNICA ESTATAL DE LA REGION DE LOS RIOS;Región de Los Ríos;La Unión;1
1038;XII Región - Oficina Regional de Magallanes;6924;CORP NACIONAL FORESTAL;Región de Magallanes y de la Antártica;Punta Arenas;6
1039;XIII Región - Oficina Regional Metropolitana;6924;CORP NACIONAL FORESTAL;Región Metropolitana de Santiago;Providencia;5
1040;Dirección de Aeropuertos - I Región;7243;MINISTERIO DE OBRAS PUBLICAS DIREC CION GRAL DE OO PP DCYF;Región de Tarapacá;Iquique;1
1040758;Seremi de Salud XVI Región;7079;SUBSECRETARIA DE SALUD PUBLICA;Región del Ñuble;Chillán;1
1043;Dirección de Aeropuertos - XI Región;7243;MINISTERIO DE OBRAS PUBLICAS DIREC CION GRAL DE OO PP DCYF;Región Aysén del General Carlos Ibáñez del Campo;Coyhaique;1
1043030;Secretaria Regional Ministerial Ñuble;6958;SUBSECRETARIA DEL MINISTERIO DE EDUCACION PUBLICA;Región del Ñuble;Chillán;2
1043046;DELEGACIÓN PRESIDENCIAL REGIONAL DE ÑUBLE;1636371;DELEGACIÓN PRESIDENCIAL REGIONAL DE ÑUBLE;Región del Ñuble;Chillán;1
1048;I MUNICIPALIDAD DE EL TABO;7066;I MUNICIPALIDAD DE EL TABO;Región de Valparaíso;El Tabo;2
1049;IFOP;7070;INSTITUTO DE FOMENTO PESQUERO;Región de Valparaíso;Valparaíso;13
1051173;Ministerio Secretaria General de la Presidencia;6949;MINISTERIO SECRETARIA GENERAL DE LA PRESIDENCIA DE LA REPUBLICA;Región Metropolitana de Santiago;Santiago;1
1051425;Dirección de Vialidad - Dirección Regional Ñuble;7248;MINISTERIO DE OBRAS PUBLICAS DIREC CION GRAL DE OO PP DCYF;Región del Ñuble;Chillán;1
1051765;Región de Ñuble;6925;DIRECCION GENERAL DE GENDARMERIA DE CHIL;Región del Ñuble;Chillán;50
1053139;Facultad de Ingeniería;204439;UNIVERSIDAD DE TARAPACA;Región de Arica y Parinacota;Arica;6
1055513;BARRIOS TRANSITORIOS DE EMERGENCIA;7234;DELEGACIÓN PRESIDENCIAL REGIONAL DE TARAPACÁ;Región de Tarapacá;Iquique;1
1056854;Dirección de Tecnología ;88102;I MUNICIPALIDAD DE PROVIDENCIA;Región Metropolitana de Santiago;Providencia;1
1057049;Bienes y Servicios;7326;SERV SALUD METROPOLITANO CENTRAL HOSPITAL CLINICO SAN BORJA ARRIARAN;Región Metropolitana de Santiago;Santiago Centro;48
1057055;Fármacos;7326;SERV SALUD METROPOLITANO CENTRAL HOSPITAL CLINICO SAN BORJA ARRIARAN;;;1
1057062;Proyectos;1480923;UNIVERSIDAD DE AYSEN;Región Aysén del General Carlos Ibáñez del Campo;Coyhaique;21
1057370;Bienes y Servicios;1216633;HOSPITAL PSIQUIATRICO DR. PHILIPPE PINEL PUTAENDO;Región de Valparaíso;Putaendo;7
1057374;Bienes y Servicios;1216200;SERVICIO NACIONAL DE SALUD HOSPITAL DE LLAY LLAY;Región de Valparaíso;Llay-Llay;12
1057379;Hospital San Antonio de Putaendo;1215262;SERVICIO DE SALUD ACONCAGUA HOSPITAL DE PUTAENDO;Región de Valparaíso;Putaendo;3
1057384;Bienes y Servicios;7385;SERVICIO DE SALUD ANTOFAGASTA HOSPITAL M;Región de Antofagasta;Tocopilla;2
1057387;SERVICIO SALUD ARAUCANIA HOSPITAL DE COLLIPULLI;7462;SERVICIO SALUD ARAUCANIA HOSPITAL DE COLLIPULLI;Región Metropolitana de Santiago;Santiago;5
1057388;Bienes y Servicios;7465;SERVICIO NACIONAL DE SALUD HOSPITAL PUREN;Región de la Araucanía;Purén;6
1057389;Bienes y Servicios;7288;SERVICIO SALUD ARAUCANIA NORTE HOSPITAL VICTORIA;Región de la Araucanía;Victoria;16
1057390;Bienes y Servicios;7302;SERVICIO DE SALUD ARAUCANIA NORTE;Región de la Araucanía;Angol;2
1057402;Bienes y Servicios;7297;HOSPITAL CLINICO DE MAGALLANES DR. LAUTARO NAVARRO AVARIA;Región de Magallanes y de la Antártica;Punta Arenas;70
1057404;Bienes y Servicios;7398;SERVICIO DE SALUD ARAUCO HOSPITAL DE ARAUCO;Región del Biobío;Arauco;23
1057414;Bienes y Servicios;7308;SERVICIO DE SALUD BIO BIO;Región del Biobío;Los Angeles;2
1057415;Bienes y Servicios;7388;SERVICIO SALUD BIO BIO HOSPITAL NACIMIENTO;;;14
1057417;Bienes y Servicios;7375;COMPLEJO ASISTENCIAL DR.VICTOR RIOS RUIZ;;;63
1057418;Bienes y Servicios;7434;SERVICIO DE SALUD BIO BIO HOSPITAL DE MULCHEN;Región del Biobío;Mulchén;17
1057419;Bienes y Servicios;7404;SERVICIO DE SALUD BIO BIO HOSPITAL SANTA BARBARA;Región del Biobío;Santa Bárbara;11
1057420;Bienes y Servicios;7389;SERVICIO DE SALUD BIO BIO HOSPITAL DE HU;Región del Biobío;Tucapel;6
1057421;Bienes y Servicios;7464;SERVICIO DE SALUD BIO BIO HOSPITAL DE LAJA;Región del Biobío;Laja;4
1057422;Bienes y Servicios;7397;SERVICIO DE SALUD BIO BIO HOSPITAL DE YU;Región del Biobío;Yumbel;4
1057428;Bienes y Servicios;7475;SERVICIO NACIONAL DE SALUD HOSPITAL DE FLORIDA;Región del Biobío;Florida;8
1057429;Bienes y Servicios;7332;SERVICIO NACIONAL DE SALUD HOSPITAL DE CORONEL;Región del Biobío;Coronel;33
1057430;Bienes y Servicios;7481;SERVICIO NACIONAL DE SALUD HOSPITAL DE LOTA;Región del Biobío;Lota;44
1057431;1057431 Bienes y Servicios HTC;7479;SERVICIO NAC DE SALUD HOSPITAL TRAUMATOLOGICO;Región del Biobío;Concepción;16
1057432;Servicio de Salud  Concepción;7205;SERVICIO DE SALUD CONCEPCION;Región del Biobío;Concepción;3
1057434;Bienes y Servicios;7473;SERVICIO DE SALUD CONCEPCION ARAUCO CONS;Región del Biobío;Concepción;2
1057438;Bienes y Servicios;7329;SERVICIO DE SALUD COQUIMBO HOSPITAL VICUNA;Región de Coquimbo;Vicuña;10
1057439;Bienes y Servicios;7312;SERVICIO DE SALUD COQUIMBO HOSPITAL LA SERENA;Región de Coquimbo;La Serena;60
1057440;Servicios Externalizados;7416;SERVICIO DE SALUD COQUIMBO HOSPITAL DE COQUIMBO;;;1
1057448;Bienes y Servicios;7453;SERVICIO DE SALUD IQUIQUE;Región de Tarapacá;Iquique;2
1057461;Bienes y Servicios;7256;SERVICIO DE SALUD DEL MAULE HOSPITAL DE CAUQUENES;Región del Maule;Cauquenes;20
1057468;Bienes y Servicios;7088;SERVICIO DE SALUD METROPOLITANO CENTRAL;Región Metropolitana de Santiago;Santiago;4
1057472;Bienes y Servicios;1379869;HOSPITAL CLINICO METROPOLITANO EL CARMEN DOCTOR LUIS VALENTIN FERRADA;Región Metropolitana de Santiago;Maipú;30
1057473;Bienes y Servicios;1549752;Centro Metropolitano de Atención Prehospitalaria;Región Metropolitana de Santiago;Santiago;3
1057474;Bienes y Servicios;6963;SERVICIO DE SALUD METROPOLITANO NORTE;Región Metropolitana de Santiago;Independencia;5
1057476;Bienes y Servicios;7044;INSTITUTO PSIQUIATRICO DR JOSE HORWITZ BARAK;Región Metropolitana de Santiago;Recoleta;15
1057480;Hospital de Melipilla;7458;Hospital de Melipilla;Región Metropolitana de Santiago;Melipilla;5
1057486;Bienes y Servicios;7272;DIRECCION SERVICIO SALUD METROPOLITANO O;Región Metropolitana de Santiago;Providencia;7
1057489;Bienes y Servicios;7428;SERVICIO DE SALUD ORIENTE HOSPITAL DEL SALVADOR;Región Metropolitana de Santiago;Providencia;85
1057490;Bienes y Servicios;7474;Instituto de Neurocirugía;Región Metropolitana de Santiago;Providencia;9
1057491;Bienes y Servicios;6918;SERVICIO DE SALUD ORIENTE HOSPITAL LUIS CALVO MACKENNA;Región Metropolitana de Santiago;Providencia;65
1057492;HOSPITAL ORIENTE DR LUIS TISNE BROUSSE;7130;HOSPITAL ORIENTE DR LUIS TISNE BROUSSE;Región Metropolitana de Santiago;Peñalolén;31
1057494;Bienes y Servicios;7305;SERVICIO DE SALUD SUR HOSPITAL EXEQUIEL;Región Metropolitana de Santiago;San Miguel;38
1057495;Bienes y Servicios;7311;SERVICIO DE SALUD SUR HOSPITAL LUCIO CORDOVA;Región Metropolitana de Santiago;San Miguel;29
1057496;Bienes y Servicios;7405;SERVICIO DE SALUD SUR HOSPITAL SAN LUIS;;;28
1057498;Bienes y Servicios;7390;SERVICIO DE SALUD SUR HOSPITAL SANATORIO EL PINO;Región Metropolitana de Santiago;San Bernardo;38
1057499;Bienes y Servicios;7006;SERVICIO DE SALUD SUR UNIDAD HOSPITALARI;Región Metropolitana de Santiago;San Miguel;1
1057500;Bienes y Servicios;7203;SERVICIO DE SALUD METROPOLITANO SUR ORIENTE;;;10
1057501;COMPLEJO ASISTENCIAL DR. SOTERO DEL RIO;7320;COMPLEJO ASISTENCIAL DR. SOTERO DEL RIO;Región Metropolitana de Santiago;Puente Alto;48
1057503;Bienes y Servicios;7331;HOSPITAL PADRE ALBERTO HURTADO;Región Metropolitana de Santiago;San Ramón;29
1057506;Bienes y Servicios;7285;SERVICIO NACIONAL DE SALUD HOSPITAL DE COELEMU;Región del Ñuble;Coelemu;13
1057508;Bienes y Servicios;6932;SERVICIO DE SALUD NUBLE;Región del Ñuble;Chillán;3
1057509;Bienes y Servicios;7042;HOSPITAL CLINICO HERMINDA MARTIN;Región del Ñuble;Chillán;30
1057510;Bienes y Servicios;7469;SERVICIO DE SALUD NUBLE HOSPITAL DE SAN CARLOS DR BENICIO ARZOLA MEDIN;Región del Ñuble;San Carlos;20
1057511;Bienes y Servicios;7137;HOSPITAL COMUNITARIO DE SALUD FAMILIAR DE BULNES;Región del Ñuble;Bulnes;5
1057512;Bienes y Servicios;7053;SERVICIO DE SALUD NUBLE HOSPITAL DE YUNG;Región del Ñuble;Yungay;14
1057513;Bienes y Servicios;7303;SERVICIO DE SALUD NUBLE HOSPITAL DE QUIRIHUE;;;5
1057514;Bienes y Servicios;7139;SERVICIO DE SALUD NUBLE HOSPITAL DE EL C;;;3
1057531;Bienes y Servicios;7470;SERVICIO NACIONAL DE SALUD HOSPITAL DE RIO NEGRO;Región de los Lagos;Río Negro;7
1057532;Bienes y Servicios;7296;SERVICIO DE SALUD OSORNO;Región de los Lagos;Osorno;4
1057533;Bienes y Servicios;1238663;HOSPITAL DEL PERPETUO SOCORRO DE QUILACAHUIN;Región de los Lagos;Osorno;3
1057534;Bienes y Servicios;7327;SERVICIO DE SALUD OSORNO HOSPITAL PURRANQUE;Región de los Lagos;Purranque;2
1057535;Bienes y Servicios;1238659;HOSPITAL FUTA SRÜKA LAWENCHE KUNKO MAPU MO;Región de los Lagos;San Juan de La Costa;2
1057536;Servicio de Salud del Reloncaví;7104;SERVICIO SALUD DEL RELONCAVI;Región de los Lagos;Puerto Montt;10
1057539;Bienes y Servicios;127018;HOSPITAL PUERTO MONTT SERVICIO DE SALUD DEL RELONCAVI;Región de los Lagos;Puerto Montt;149
1057540;Hospital Penco - Lirquen;7446;SERVICIO SALUD TALCAHUANO HOSPITAL PENCO-LIRQUEN;Región del Biobío;Penco;13
1057541;DIRECCION SERVICIO DE SALUD TALCAHUANO;7295;DIRECCION SERVICIO DE SALUD TALCAHUANO;Región del Biobío;Talcahuano;6
1057543;Bienes y Servicios;7315;SERVICIO DE SALUD TALCAHUANO HOSPITAL DE;Región del Biobío;Tomé;26
1057544;Bienes y Servicios;7419;SERVICIO DE SALUD DE TALCAHUANO HOSPITAL;Región del Biobío;Talcahuano;25
1057545;Bienes y Servicios;7106;SERVICIO DE SALUD LOS RIOS;Región de Los Ríos;Valdivia;1
1057547;Bienes y Servicios;7410;SERVICIO DE SALUD VALDIVIA HOSPITAL BASE;;;45
1057548;Bienes y Servicios;7429;SERVICIO DE SALUD VALDIVIA HOSPITAL LA U;Región de Los Ríos;La Unión;21
1057549;Bienes y Servicios;7424;SERVICIO DE SALUD VALDIVIA HOSPITAL LANC;Región de Los Ríos;Lanco;8
1057550;Bienes y Servicios;7426;SERVICIO DE SALUD VALDIVIA HOSPITAL DE C;Región de Los Ríos;Corral;3
1057551;Bienes y Servicios;7422;SERVICIO DE SALUD VALDIVIA HOSPITAL DE P;Región de Los Ríos;Paillaco;1
1057552;Bienes y Servicios;7423;SERVICIO DE SALUD VALDIVIA HOSPITAL DE R;Región de Los Ríos;Río Bueno;6
1057553;Bienes y Servicios;7425;SERVICIO DE SALUD VALDIVIA HOSPITAL DE L;Región de Los Ríos;Los Lagos;7
1057621;Bienestar;16223;SERVICIO DE SALUD CHILOE;Región de los Lagos;Castro;1
1057655;Bienestar;7262;SERVICIO DE SALUD DEL MAULE HOSPITAL SAN JAVIER;Región del Maule;San Javier;2
1057822;Activos Fijos;7205;SERVICIO DE SALUD CONCEPCION;Región del Biobío;Concepción;2
1057934;Activos Fijos;7419;SERVICIO DE SALUD DE TALCAHUANO HOSPITAL;Región del Biobío;Talcahuano;1
1057973;Obras Civiles;7203;SERVICIO DE SALUD METROPOLITANO SUR ORIENTE;Región Metropolitana de Santiago;Puente Alto;1
1057997;Fármarcos;7391;SERVICIO DE SALUD ANTOFAGASTA HOSPITAL 21 DE MAYO TALTAL;;;1
1058035;Fármacos;7332;SERVICIO NACIONAL DE SALUD HOSPITAL DE CORONEL;Región del Biobío;Coronel;1
1058078;Fármarcos;7458;Hospital de Melipilla;Región Metropolitana de Santiago;Melipilla;26
1058086;Fármarcos;7474;Instituto de Neurocirugía;;;10
1058090;Fármarcos;7305;SERVICIO DE SALUD SUR HOSPITAL EXEQUIEL;;;1
1058128;Fármacos;127018;HOSPITAL PUERTO MONTT SERVICIO DE SALUD DEL RELONCAVI;Región de los Lagos;Puerto Montt;3
1058339;DIDECO;116946;ILUSTRE MUNICIPALIDAD DE HUARA;Región de Tarapacá;Huara;1
1058758;Facultad de Administración y Economía;204439;UNIVERSIDAD DE TARAPACA;Región de Arica y Parinacota;Arica;3
1058823;Programa Mi Abogado;272303;CORP DE ASISTENCIA JUDICIAL DE LAS REG T;Región de Tarapacá;Iquique;4
1058900;DEPARTAMENTO DE ODONTOLOGÍA;7319;UNIVERSIDAD DE LA SERENA;Región de Coquimbo;La Serena;4
1059082;Junji - Región Ñuble;6928;JUNTA NACIONAL DE JARDINES         INFANTILES;Región del Ñuble;Chillán;1
1059240;FR ÑUBLE;224060;MINISTERIO PUBLICO;Región del Ñuble;Chillán;2
1060500;SEREMI del Ñuble;6941;MINISTERIO DE BIENES NACIONALES;Región del Ñuble;Chillán;4
1062018;Unidad de Gestión Institucional;1625610;DEFENSORIA DE LOS DERECHOS DE LA NIÑEZ;Región Metropolitana de Santiago;Santiago;5
1062448;Bienes y Servicios;7144;CONSULTORIO GENERAL URBANO VIOLETA PARRA;Región del Ñuble;Chillán;9
1063538;Bienes y Servicios;7393;HOSPITAL BASE OSORNO;;;34
1063796;Direccion de Gestion Del Riesgo y Emergencias;87382;I MUNICIPALIDAD DE CONCEPCION;Región del Biobío;Concepción;1
1065268;CENTRO DE ESPECIALIDAD DE ATENCIÓN PREHOSPITALARIA;1616398;CENTRO DE ESPECIALIDAD  DE ATENCION PREHOSPITALARIA SAMU BIO BIO;Región del Biobío;Los Angeles;1
1067355;Bienes y Servicios;1546095;HOSPITAL SANTA ELISA DE SAN JOSE DE LA MARIQUINA;Región de Los Ríos;Mariquina;2
1067455;SUBSECRETARÍA DE LA NIÑEZ;1659065;SUBSECRETARIA DE LA NIÑEZ;Región Metropolitana de Santiago;Santiago;3
1068038;Pasos Fronterizos;6944;SUBSECRETARIA DEL INTERIOR;Región Metropolitana de Santiago;Santiago;2
1069;Dirección de Vialidad - XII Región - Provincia T. del Fuego;7248;MINISTERIO DE OBRAS PUBLICAS DIREC CION GRAL DE OO PP DCYF;Región de Magallanes y de la Antártica;Porvenir;1
1069417;Dirección  de Salud Municipal Chillán;88254;I MUNICIPALIDAD DE CHILLAN;Región del Ñuble;Chillán;8
1070329;BIENES Y SERVICIOS;1443597;CESFAM LIRQUEN;Región del Biobío;Penco;2
1070620;Hospital Dr. Ernesto Torres Galdames;1662264;HOSPITAL DOCTOR ERNESTO TORRES GALDAMES;Región de Tarapacá;Iquique;179
1071580;Dirección de Recursos Humanos;116296;I MUNICIPALIDAD DE LAS CABRAS;Región del Libertador General Bernardo O´Higgins;Las Cabras;2
1072229;Regional Ñuble;1172700;FUNDACION EDUCACIONAL PARA EL DESAROLLO INTEGRAL DE LA NIÑEZ;Región del Ñuble;Chillán;2
1075337;Bienes y Servicio;7306;SERVICIO DE SALUD ARAUCANIA NORTE HOSPITAL DE ANGOL;;;42
1075956;DEPTO ANALISIS FINANCIERO PROCESOS Y RIESGOS;113812;DIRECCION DE LOGISTICA DE CARABINEROS;Región Metropolitana de Santiago;Santiago;6
1075963;Hospital Juan Noé;1667479;SERVICIO DE SALUD ARICA HOSP DR JUAN NOE CREVANI;Región de Arica y Parinacota;Arica;122
1076403;Dicompras SIN AT;7227;SUBSECRETARIA DE RELACIONES EXTERIORES;Región Metropolitana de Santiago;Santiago Centro;2
1076575;Servicio de Bienestar;7197;INSTITUTO NACIONAL DE LA JUVENTUD;Región de la Araucanía;Temuco;1
1077161;SII Pasajes Aéreos;7113;SERVICIO DE IMPUESTOS INTERNOS DIRECCION;Región Metropolitana de Santiago;Santiago Centro;32
1077241;Administración de Fondos;7296;SERVICIO DE SALUD OSORNO;Región de los Lagos;Osorno;2
1077275;Administracion de Fondos;7409;SERVICIO DE SALUD ATACAMA;Región de Atacama;Copiapó;1
1077499;ADMINISTRACION DE FONDOS;7453;SERVICIO DE SALUD IQUIQUE;Región de Tarapacá;Iquique;1
1077908;Bienes y Servicios;1648816;CENTRO ONCOLOGICO DEL NORTE;Región de Antofagasta;Antofagasta;2
1077920;Farmaco;1648816;CENTRO ONCOLOGICO DEL NORTE;Región de Antofagasta;Antofagasta;5
1078078;OFICINA NACIONAL DE EMERGENCIA DEL MINIS;7180;SERVICIO NACIONAL DE PREVENCIÓN Y RESPUESTA ANTE DESASTRES;;;315
1078113;FONDOS EXTRAPRESUPUESTARIOS;7232;SUPERINTENDENCIA DE ELECTRICIDAD Y COMBUSTIBLES;Región Metropolitana de Santiago;Santiago Centro;1
1078177;SECCIÓN COMPRAS ZONA DE CARABINEROS ARAUCANIA;113812;DIRECCION DE LOGISTICA DE CARABINEROS;Región de la Araucanía;Temuco;9
1078623;SEREMI del Maule Fondos Extrapresupuestarios;6941;MINISTERIO DE BIENES NACIONALES;Región del Maule;Talca;1
1079445;SECC DE COM ZONA MAGALLANES Y ANTARTICA CHILENA;113812;DIRECCION DE LOGISTICA DE CARABINEROS;Región de Magallanes y de la Antártica;Punta Arenas;2
1079454;SECCIÓN DE COMPRAS ZONA ANTOFAGASTA;113812;DIRECCION DE LOGISTICA DE CARABINEROS;Región de Antofagasta;Antofagasta;4
1079486;SECCIÓN COMPRAS ZONA DE CARABINEROS ATACAMA;113812;DIRECCION DE LOGISTICA DE CARABINEROS;Región de Atacama;Copiapó;7
1079505;SECCIÓN COMPRAS ZONA DE CARABINEROS COQUIMBO;113812;DIRECCION DE LOGISTICA DE CARABINEROS;Región de Coquimbo;La Serena;10
1079516;SECCIÓN COMPRAS ZONA DE CARABINEROS VALPARAISO;113812;DIRECCION DE LOGISTICA DE CARABINEROS;Región de Valparaíso;Valparaíso;25
1079563;SEC DE COMPRAS ZONA DE CARAB LIB BERNARDO OHIGGINS;113812;DIRECCION DE LOGISTICA DE CARABINEROS;Región del Libertador General Bernardo O´Higgins;Rancagua;16
1079566;SECCIÓN COMPRAS ZONA DE CARABINEROS MAULE;113812;DIRECCION DE LOGISTICA DE CARABINEROS;Región del Maule;Talca;18
1079576;SECCIÓN COMPRAS ZONA DE CARABINEROS BIOBIO;113812;DIRECCION DE LOGISTICA DE CARABINEROS;Región del Biobío;Concepción;13
1079580;SECCIÓN COMPRAS ZONA DE CARABINEROS ÑUBLE;113812;DIRECCION DE LOGISTICA DE CARABINEROS;Región del Ñuble;Chillán;1
1079596;SECCIÓN DE COMPRAS ZONA ARICA Y PARINACOTA;113812;DIRECCION DE LOGISTICA DE CARABINEROS;Región de Arica y Parinacota;Arica;10
1079639;SECCIÓN COMPRAS ZONA DE CARABINEROS LOS LAGOS;113812;DIRECCION DE LOGISTICA DE CARABINEROS;Región de los Lagos;Puerto Montt;1
1079650;ADMINISTRACION DE FONDOS;7205;SERVICIO DE SALUD CONCEPCION;Región del Biobío;Concepción;1
1079659;SEC COM ZONA CARA ARAUCANÍA CONT ORD PUB E INT SUR;113812;DIRECCION DE LOGISTICA DE CARABINEROS;Región de la Araucanía;Victoria;8
1079689;SEC DE COMP ZONA AYSÉN DEL GRAL CARL IBAÑ DEL CAMP;113812;DIRECCION DE LOGISTICA DE CARABINEROS;Región Aysén del General Carlos Ibáñez del Campo;Aysén;10
1079694;SECCIÓN COMPRAS ZONA DE CARABINEROS DE LOS RIOS;113812;DIRECCION DE LOGISTICA DE CARABINEROS;Región de Los Ríos;Valdivia;6
1079713;SECCIÓN COMPRAS ZONA SANTIAGO ESTE;113812;DIRECCION DE LOGISTICA DE CARABINEROS;Región Metropolitana de Santiago;Ñuñoa;35
1079866;SECCIÓN COMPRAS ZONA SANTIAGO OESTE;113812;DIRECCION DE LOGISTICA DE CARABINEROS;Región Metropolitana de Santiago;Santiago;18
1079967;SECCIÓN COMPRAS ZONA DE CARABINEROS TARAPACA;113812;DIRECCION DE LOGISTICA DE CARABINEROS;Región de Tarapacá;Iquique;20
1079969;SECCIÓN COMPRAS ZONA SEG PRIV CONTROL ARMAS Y EXPL;113812;DIRECCION DE LOGISTICA DE CARABINEROS;Región Metropolitana de Santiago;Santiago;10
1080094;Bienes y servicios - SAMU;7382;SERVICIO DE SALUD MAGALLANES;Región de Magallanes y de la Antártica;Punta Arenas;3
1080157;ESCUELA DE FORMACIÓN DE CARABINEROS LOS ANDES;113812;DIRECCION DE LOGISTICA DE CARABINEROS;Región de Valparaíso;Algarrobo;6
1080286;SECCIÓN COMPRAS ZONA METROPOLITANA;113812;DIRECCION DE LOGISTICA DE CARABINEROS;Región Metropolitana de Santiago;Santiago;11
1080936;ESCUELA DE INVESTIGACIONES POLICIALES;111880;POLICIA DE INVESTIGACIONES DE CHILE;Región Metropolitana de Santiago;Estación Central;1
1082957;MN PROMOCION DE EXPORTACIONES;1674056;DIRECCION GENERAL DE PROMOCION DE EXPORTACIONES;Región Metropolitana de Santiago;Santiago Centro;3
1084148;SLEPCH - Programa 01;1675210;SERVICIO LOCAL DE EDUCACION DE CHINCHORRO;;;3
1084156;Compras y Licitaciones;1675218;SERVICIO LOCAL DE EDUCACION PUBLICA ANDALIEN SUR;Región del Biobío;Concepción;7
1084170;SLEP Gabriela Mistral  P01;1675231;SERVICIO LOCAL DE EDUCACION PUBLICA DE GABRIELA MISTRAL;Región Metropolitana de Santiago;La Granja;1
1087;XV Región - Oficina Regional Arica y Parinacota;6924;CORP NACIONAL FORESTAL;Región de Arica y Parinacota;Arica;1
1087105;Programa  Mi Abogado Concepción;7354;CORPORACION DE ASISTENCIA JUDICIAL DE LA REGION DEL BIO BIO;Región del Biobío;Concepción;2
1088;III  Región - Oficina Regional de Atacama;6924;CORP NACIONAL FORESTAL;Región de Atacama;Copiapó;1
1089561;Dirección Regional del Trabajo del Ñuble;7000;DIRECCION DEL TRABAJO;Región del Ñuble;Chillán;4
1091;IX Región - Oficina Regional de la Araucania;6924;CORP NACIONAL FORESTAL;Región de la Araucanía;Temuco;4
1091793;INSTITUTO NACIONAL DE DESARROLLO SUSTENTABLE DE LA;1682711;INSTITUTO NACIONAL DE DESARROLLO SUSTENTABLE DE LA PESCA ARTESANAL Y A;Región de Valparaíso;Valparaíso;5
1092;XI Región - Oficina Regional de Aysén;6924;CORP NACIONAL FORESTAL;Región Aysén del General Carlos Ibáñez del Campo;Coyhaique;1
1093303;Administración de Fondos de Terceros;7177;INSTITUTO DE SALUD PUBLICA DE CHILE;Región Metropolitana de Santiago;Ñuñoa;1
1094080;DIVBIE - Almacén Militar del Ejército;111870;DIVISION LOGISTICA DEL EJERCITO;Región Metropolitana de Santiago;Santiago Centro;1
1096;Dirección de Aeropuertos - XII Región;7243;MINISTERIO DE OBRAS PUBLICAS DIREC CION GRAL DE OO PP DCYF;Región de Magallanes y de la Antártica;Punta Arenas;1
1099899;BIENES Y SERVICIOS;1688788;CENTRO SALUD MENTAL COMUNITARIA LOS ANDES;Región de Valparaíso;Los Andes;6
1107276;INTIHUASI;1175633;INIA;Región de Coquimbo;La Serena;7
1107282;REMEHUE;1175633;INIA;Región de los Lagos;Osorno;2
1107283;TAMELAIKE;1175633;INIA;Región Aysén del General Carlos Ibáñez del Campo;Aysén;1
1107527;Servicio de Bienestar de Salud;128889;I MUNICIPALIDAD DE SAN FABIAN;Región del Ñuble;San Fabián;1
1108338;Centro de Salud Cordillera Andina;1688783;CONSULTORIO GENERAL N°2 DE LOS ANDES;Región de Valparaíso;Los Andes;1
1109692;CENTRO DE FORMACION TECNICA ESTATAL DE MAGALLANES ;1700248;CENTRO DE FORMACION TECNICA ESTATAL DE MAGALLANES Y ANTARTICA CHILENA;Región de Magallanes y de la Antártica;Porvenir;2
1110404;SLEPCH - EE - Programa 02;1675210;SERVICIO LOCAL DE EDUCACION DE CHINCHORRO;Región de Arica y Parinacota;Arica;6
1111089;Agencia Nacional de Investigación y Desarrollo;7213;Comisión Nacional de Investigación Científica y Tecnológicas - CONICYT;;;3
1113265;UNIDAD DE COMPRAS;1703725;CENTRO DE FORMACION TECNICA DE LA REGION DE ANTOFAGASTA;Región de Antofagasta;Calama;1
1113403;SLEP Gabriela Mistral  P02;1675231;SERVICIO LOCAL DE EDUCACION PUBLICA DE GABRIELA MISTRAL;Región Metropolitana de Santiago;La Granja;1
1114708;SERVICIO DE BIENESTAR MUNICIPAL;128889;I MUNICIPALIDAD DE SAN FABIAN;Región del Ñuble;San Fabián;1
1116005;RED SECUNDARIA Y PEQUEÑOS AD Z SUR PUERTO MONTT;7202;DIRECCION GENERAL DE AERONAUTICA CIVIL;Región de los Lagos;Puerto Montt;4
1116007;RED SECUNDARIA Y PEQUEÑOS AD Z AUSTRAL;7202;DIRECCION GENERAL DE AERONAUTICA CIVIL;Región de Magallanes y de la Antártica;Punta Arenas;5
1121;Comisión Chilena del Cobre - COCHILCO;7075;Comisión Chilena del Cobre - COCHILCO;Región Metropolitana de Santiago;Santiago;2
1124;Unidad de Compra – Región de Coquimbo;6937;INSTITUTO DE DESARROLLO AGROPECUARIO;;;1
1126920;UNIDAD DE ADQUISICIONES;1717135;SERVICIO LOCAL DE EDUCACION PUBLICA DE COLCHAGUA;Región del Libertador General Bernardo O´Higgins;San Fernando;3
1126922;SERVICIO LOCAL DE EDUCACION PUBLICA DE LLANQUIHUE;1717137;SERVICIO LOCAL DE EDUCACION PUBLICA DE LLANQUIHUE;Región de los Lagos;Frutillar;40
1127;Unidad de Compra – Región de los Lagos;6937;INSTITUTO DE DESARROLLO AGROPECUARIO;Región de los Lagos;Puerto Montt;1
1133261;SERVICIO LOCAL DE EDUCACION PÚBLICA DE ATACAMA;1723291;SERVICIO LOCAL DE EDUCACION PÚBLICA DE ATACAMA;;;1
1133353;SECPLAC;117589;I MUNICIPALIDAD DE RAUCO;Región del Maule;Rauco;1
1134432;Direccion de Adquisiciones;119270;I MUNICIPALIDAD DE PUCHUNCAVI;Región de Valparaíso;Puchuncaví;11
1142;Ministerio del Interior - DPR Maule;7225;DELEGACIÓN PRESIDENCIAL REGIONAL DEL MAULE;Región del Maule;Talca;4
1147;IX Región -  Provincial Malleco;6924;CORP NACIONAL FORESTAL;;;1
1147293;Área de servicios generales y Adquisiciones;1736867;Fundación para la Innovación Agraria;Región Metropolitana de Santiago;La Reina;14
1151549;CENTRO DE FORMACIÓN TÉCNICA ESTATAL REGIÓN ARICA Y;1741019;CENTRO DE FORMACIÓN TÉCNICA ESTATAL REGIÓN ARICA Y PARINACOTA;;;1
1153624;Departamento Adquisiciones MN;1674041;SUBSECRETARIA DE RELACIONES ECONOMICAS INTERNACIONALES;Región Metropolitana de Santiago;Santiago;1
1154;Dirección General de Aguas - XI Región;7247;MINISTERIO DE OBRAS PUBLICAS DIREC CION GRAL DE OO PP DCYF;Región Aysén del General Carlos Ibáñez del Campo;Coyhaique;2
1154491;EFE Matriz;1743886;EMPRESA DE LOS FERROCARRILES DEL ESTADO;Región Metropolitana de Santiago;Santiago;1
1155683;XVI - OFICINA REGIONAL DE ÑUBLE;6924;CORP NACIONAL FORESTAL;Región del Ñuble;Chillán;2
1157;SAG - Región Metropolitana;6919;SERVICIO AGRICOLA Y GANADERO;Región Metropolitana de Santiago;Estación Central;2
1158;SAG - Antofagasta;6919;SERVICIO AGRICOLA Y GANADERO;Región de Antofagasta;Antofagasta;1
1159;SAG - Coquimbo;6919;SERVICIO AGRICOLA Y GANADERO;Región de Coquimbo;La Serena;4
1160;SAG - Bio Bio;6919;SERVICIO AGRICOLA Y GANADERO;Región del Biobío;Concepción;5
1161;SAG - Los Lagos;6919;SERVICIO AGRICOLA Y GANADERO;Región de los Lagos;Puerto Montt;1
1161266;Adquisiciones Contratos y Licitaciones;114395;I MUNICIPALIDAD DE TUCAPEL;Región del Biobío;Tucapel;1
1169482;Unidad Administradora del fondo de Garantía de Inf;6942;CORPORACION DE FOMENTO DE LA PRODUCCION;Región Metropolitana de Santiago;Santiago;1
1171142;HOSPITAL COMPLEJO ASISTENCIAL PADRE LAS CASAS;1759990;HOSPITAL COMPLEJO ASISTENCIAL PADRE LAS CASAS;Región de la Araucanía;Padre Las Casas;24
1171166;P02 SLEP ATACAMA;1723291;SERVICIO LOCAL DE EDUCACION PÚBLICA DE ATACAMA;Región de Atacama;Copiapó;2
1171326;CET Antofagasta;6925;DIRECCION GENERAL DE GENDARMERIA DE CHIL;Región de Antofagasta;Antofagasta;2
1172239;PROGRAMA 02;1722523;SERVICIO LOCAL DE EDUCACION PUBLICA DE VALPARAISO;Región de Valparaíso;Valparaíso;4
1172445;P02 SEP ATACAMA;1723291;SERVICIO LOCAL DE EDUCACION PÚBLICA DE ATACAMA;Región de Atacama;Copiapó;7
1172953;CET Cerrado CCP Colina 1;6925;DIRECCION GENERAL DE GENDARMERIA DE CHIL;Región Metropolitana de Santiago;Colina;5
1173041;CET Arica 2;6925;DIRECCION GENERAL DE GENDARMERIA DE CHIL;;;4
1173407;CET Vilcún;6925;DIRECCION GENERAL DE GENDARMERIA DE CHIL;Región de la Araucanía;Vilcún;1
1173409;CET Angol;6925;DIRECCION GENERAL DE GENDARMERIA DE CHIL;Región de la Araucanía;Angol;2
1173418;CET Cerrado CCP Temuco;6925;DIRECCION GENERAL DE GENDARMERIA DE CHIL;Región de la Araucanía;Temuco;3
1173426;CET Cerrado CDP Curacautín;6925;DIRECCION GENERAL DE GENDARMERIA DE CHIL;Región de la Araucanía;Curacautín;1
1173430;CET Osorno;6925;DIRECCION GENERAL DE GENDARMERIA DE CHIL;Región de los Lagos;Osorno;3
1173431;CET Concepción;6925;DIRECCION GENERAL DE GENDARMERIA DE CHIL;Región del Biobío;Tomé;12
1173437;CET Cerrado CDP Puerto Aysén;6925;DIRECCION GENERAL DE GENDARMERIA DE CHIL;Región Aysén del General Carlos Ibáñez del Campo;Aysén;1
1173444;CET Cerrado CPF Santiago;6925;DIRECCION GENERAL DE GENDARMERIA DE CHIL;Región Metropolitana de Santiago;San Joaquín;11
1173445;CET Metropolitano;6925;DIRECCION GENERAL DE GENDARMERIA DE CHIL;Región Metropolitana de Santiago;Santiago;1
1173446;CET Semiabierto Femenino de Santiago;6925;DIRECCION GENERAL DE GENDARMERIA DE CHIL;Región Metropolitana de Santiago;San Joaquín;3
1173449;CET Cerrado CDP Talagante;6925;DIRECCION GENERAL DE GENDARMERIA DE CHIL;Región Metropolitana de Santiago;Talagante;6
1173457;CET Cerrado CP Arica;6925;DIRECCION GENERAL DE GENDARMERIA DE CHIL;Región de Arica y Parinacota;Arica;1
1173463;CET La Pólvora;6925;DIRECCION GENERAL DE GENDARMERIA DE CHIL;Región de Valparaíso;Valparaíso;4
1173466;CET Putaendo;6925;DIRECCION GENERAL DE GENDARMERIA DE CHIL;Región de Valparaíso;Putaendo;1
1173472;CET Cerrado CCP Curico;6925;DIRECCION GENERAL DE GENDARMERIA DE CHIL;Región del Maule;Curicó;7
1173473;CET Cerrado CCP Talca;6925;DIRECCION GENERAL DE GENDARMERIA DE CHIL;Región del Maule;Talca;3
1173474;CET Cerrado CCP Linares;6925;DIRECCION GENERAL DE GENDARMERIA DE CHIL;;;6
1173639;135-0;7055;DELEGACIÓN PRESIDENCIAL PROVINCIAL DE TALAGANTE;Región Metropolitana de Santiago;Talagante;1
1173804;Programa  Mi Abogado Valdivia;7354;CORPORACION DE ASISTENCIA JUDICIAL DE LA REGION DEL BIO BIO;Región del Biobío;Concepción;2
1173805;Programa  Mi Abogado  Puerto Montt;7354;CORPORACION DE ASISTENCIA JUDICIAL DE LA REGION DEL BIO BIO;Región del Biobío;Concepción;1
1173807;Programa  Mi Abogado Coyhaique;7354;CORPORACION DE ASISTENCIA JUDICIAL DE LA REGION DEL BIO BIO;Región Aysén del General Carlos Ibáñez del Campo;Aysén;1
1173933;DIRECCION REGIONAL DE VALPARAISO;7011;SERVICIO NACIONAL DEL PATRIMONIO CULTURAL;Región de Valparaíso;Valparaíso;1
1174300;ATF 65 Janequeo;111875;DIRECCION DE ABASTECIMIENTO DE LA ARMADA;Región del Biobío;Talcahuano;1
1175;Dirección Servicio Salud Araucanía Sur;7102;SERVICIO DE SALUD ARAUCANIA SUR;Región de la Araucanía;Temuco;2
1176812;P02 JUNJI ATACAMA;1723291;SERVICIO LOCAL DE EDUCACION PÚBLICA DE ATACAMA;Región de Atacama;Copiapó;1
1177296;SERVICIO NACIONAL DE PROTECCIÓN ESPECIALIZADA A LA;1765960;SERVICIO NACIONAL DE PROTECCIÓN ESPECIALIZADA A LA NIÑEZ Y ADOLESCENCI;Región Metropolitana de Santiago;Santiago;16
1178407;Estado Mayor General de la Armada;111875;DIRECCION DE ABASTECIMIENTO DE LA ARMADA;Región de Valparaíso;Valparaíso;1
1178789;Jdo de Letras de Pitrufquen;7342;CORP ADMINISTRATIVA DEL PODER JUDICIAL;Región de la Araucanía;Pitrufquén;1
1179784;ID 1179784 - Centro Comunitario CECOSF;118627;CONSULTORIO GENERAL URBANO DR ALEJANDRO GUTIERREZ;;;2
1182102;Brigada de Inteligencia del Ejército - BINTE;111870;DIVISION LOGISTICA DEL EJERCITO;Región Metropolitana de Santiago;Santiago;4
1182705;FINANZAS;1771237;CENTRO DE FORMACIÓN TÉCNICA DE LA REGIÓN DE AYSÉN DEL GENERAL CARLOS I;Región Aysén del General Carlos Ibáñez del Campo;Coyhaique;5
1186229;Unidad de Compras Nivel Central;6960;SERVICIO DE REGISTRO CIVIL E IDENTIFICACION;Región Metropolitana de Santiago;Santiago;3
1189881;Corporación de Asistencia Judicial  Los Ríos;7354;CORPORACION DE ASISTENCIA JUDICIAL DE LA REGION DEL BIO BIO;Región de Los Ríos;Valdivia;2
1191;PROGRAMA BIBLIOREDES;7011;SERVICIO NACIONAL DEL PATRIMONIO CULTURAL;Región Metropolitana de Santiago;Santiago;1
1191382;SECPLAN-SALUD;84152;I MUNICIPALIDAD VALDIVIA;Región de Los Ríos;Valdivia;1
1191449;SUBDIRECCIÓN ARCHIVO NACIONAL DOS;7011;SERVICIO NACIONAL DEL PATRIMONIO CULTURAL;Región Metropolitana de Santiago;Santiago;7
1191730;Fondos No Afectos a Ley;1723291;SERVICIO LOCAL DE EDUCACION PÚBLICA DE ATACAMA;Región de Atacama;Copiapó;3
1195;Ilustre Municipalidad de Coyhaique;7071;I MUNICIPALIDAD DE COYHAIQUE;Región Aysén del General Carlos Ibáñez del Campo;Coyhaique;4
1195104;SECCIÓN COMPRAS;1783361;SERVICIO NACIONAL DE MIGRACIONES;Región Metropolitana de Santiago;Santiago;1
1197;I.N.D. REGION III;7216;INSTITUTO NACIONAL DE DEPORTES DE CHILE;;;1
1198;I.N.D. REGION V;7216;INSTITUTO NACIONAL DE DEPORTES DE CHILE;Región de Valparaíso;Valparaíso;1
1199;I.N.D.  REGION VII;7216;INSTITUTO NACIONAL DE DEPORTES DE CHILE;Región del Maule;Talca;3
1201;I.N.D. REGION XI;7216;INSTITUTO NACIONAL DE DEPORTES DE CHILE;Región Aysén del General Carlos Ibáñez del Campo;Coyhaique;8
1207912;DIRECCIÓN REGIONAL ARICA Y PARINACOTA;1765960;SERVICIO NACIONAL DE PROTECCIÓN ESPECIALIZADA A LA NIÑEZ Y ADOLESCENCI;Región de Arica y Parinacota;Arica;3
1208066;ADMINISTRACIÓN DE CAMPUS;7147;UNIVERSIDAD DE TALCA;Región del Maule;Talca;2
1208094;DIRECCION REGIONAL COQUIMBO;1765960;SERVICIO NACIONAL DE PROTECCIÓN ESPECIALIZADA A LA NIÑEZ Y ADOLESCENCI;Región de Coquimbo;La Serena;1
1208104;DIRECCION REGIONAL BIOBÍO;1765960;SERVICIO NACIONAL DE PROTECCIÓN ESPECIALIZADA A LA NIÑEZ Y ADOLESCENCI;Región del Biobío;Concepción;1
1208106;DIRECCION REGIONAL LOS RIOS;1765960;SERVICIO NACIONAL DE PROTECCIÓN ESPECIALIZADA A LA NIÑEZ Y ADOLESCENCI;Región de Los Ríos;Valdivia;4
1208107;DIRECCION REGIONAL LOS LAGOS;1765960;SERVICIO NACIONAL DE PROTECCIÓN ESPECIALIZADA A LA NIÑEZ Y ADOLESCENCI;;;2
1208129;ADMINISTRACIÓN DIRECTA REGIÓN DEL BIOBÍO;1765960;SERVICIO NACIONAL DE PROTECCIÓN ESPECIALIZADA A LA NIÑEZ Y ADOLESCENCI;Región del Biobío;Concepción;42
1208541;ADMINISTRACIÓN DIRECTA REGIÓN DE ARICA;1765960;SERVICIO NACIONAL DE PROTECCIÓN ESPECIALIZADA A LA NIÑEZ Y ADOLESCENCI;Región de Arica y Parinacota;Arica;13
1208910;CFTE del BioBio;1796821;CENTRO DE FORMACIÓN TÉCNICA ESTATAL DE LA REGIÓN DEL BIOBÍO;Región del Biobío;Tirúa;1
1208983;ADMINISTRACIÓN DIRECTA REGIÓN DE VALPARAÍSO;1765960;SERVICIO NACIONAL DE PROTECCIÓN ESPECIALIZADA A LA NIÑEZ Y ADOLESCENCI;Región de Valparaíso;Valparaíso;5
1208985;ADMINISTRACIÓN DIRECTA REGIÓN DE MAGALLANES;1765960;SERVICIO NACIONAL DE PROTECCIÓN ESPECIALIZADA A LA NIÑEZ Y ADOLESCENCI;;;6
1209004;ADMINISTRACIÓN DIRECTA REGIÓN DEL MAULE;1765960;SERVICIO NACIONAL DE PROTECCIÓN ESPECIALIZADA A LA NIÑEZ Y ADOLESCENCI;Región del Maule;Talca;2
1209395;ADMINISTRACIÓN DIRECTA REGIÓN DE LA ARAUCANIA;1765960;SERVICIO NACIONAL DE PROTECCIÓN ESPECIALIZADA A LA NIÑEZ Y ADOLESCENCI;Región de la Araucanía;Temuco;9
1209403;ADMINISTRACIÓN DIRECTA REGIÓN DE AYSEN;1765960;SERVICIO NACIONAL DE PROTECCIÓN ESPECIALIZADA A LA NIÑEZ Y ADOLESCENCI;Región Aysén del General Carlos Ibáñez del Campo;Coyhaique;1
1210;Mineduc Administración IV Región;6958;SUBSECRETARIA DEL MINISTERIO DE EDUCACION PUBLICA;Región de Coquimbo;La Serena;1
1210489;DEPARTAMENTO DE OPERACIONES;7259;SERVICIO DE SALUD DEL MAULE HOSPITAL DE PARRAL;Región del Maule;Parral;1
1210674;ADMINISTRACIÓN DIRECTA REGIÓN METROPOLITANA;1765960;SERVICIO NACIONAL DE PROTECCIÓN ESPECIALIZADA A LA NIÑEZ Y ADOLESCENCI;Región Metropolitana de Santiago;Santiago;6
1211839;DEPARTAMENTO DE ABASTECIMIENTO;1799669;CORP MUNIC EDUC SALUD Y ATENCION;Región Metropolitana de Santiago;Puente Alto;21
1211992;Corporación Yunus;1799808;CORPORACIÓN YUNUS;Región Metropolitana de Santiago;Peñalolén;1
1212413;MUSEO NACIONAL DE HISTORIA NATURAL DOS;7011;SERVICIO NACIONAL DEL PATRIMONIO CULTURAL;Región Metropolitana de Santiago;Santiago;1
1213002;Departamento de Adquisiciones;1800773;CORP MUNICIPAL DE EDUCACION Y SAL;Región Metropolitana de Santiago;Pirque;6
1213444;Adquisiciones;1801205;CORP MUNICIPAL SAN FERNANDO PARA LA ATENCION MENORES Y LAS A DE E Y S;Región del Libertador General Bernardo O´Higgins;San Fernando;3
1214057;DEPARTAMENTO DE ADMINISTRACION Y FINANZAS;1801803;CORPORACION CULTURAL DE LA COMUNA DE LA PINTANA;Región Metropolitana de Santiago;La Pintana;1
1214069;Adquisiciones;1801813;CORP MUNICIPAL DE CONCHALI DE EDUCACION SALUD Y ATENCION DE MENORES;;;7
1214071;Gestión de Compras Publicas;1801817;CORPORACION MUNICIPAL PARA EL DESARROLLO CULTURAL DE TEMUCO;Región de la Araucanía;Temuco;4
1214102;Adquisiciones;1801848;CORP MUNICIPAL DE DESARROLLO SOCIAL DE PUDAHUEL;Región Metropolitana de Santiago;Pudahuel;12
1216058;Corporación Municipal de Curaco de Vélez;1803787;Corporación Municipal Curaco de Vélez;Región de los Lagos;Curaco de Vélez;1
1216062;Corporación Municipal de Lo Prado;1803791;Corporación Municipal de Lo Prado;Región Metropolitana de Santiago;Lo Prado;12
1216071;ADMINISTRACIÓN CENTRAL;1803800;CORP MUNICIPAL DE DESARROLLO SOCIAL DE LAMPA;Región Metropolitana de Santiago;Lampa;1
1216085;Adquisiciones;1803814;CORP MUNICIPAL PARA EL DESARROLLO SOCIAL;Región de Valparaíso;Villa Alemana;4
1216088;OPERACIONES;1803817;CORPORACION MUNICIPAL DE DEPORTES DE PUENTE ALTO;Región Metropolitana de Santiago;Puente Alto;1
1216090;Unidad de compra Finanzas;1803819;CORP CULTURAL DE LA MUNICIPALIDAD DE CURICO;Región del Maule;Curicó;1
1217436;SERVICIO DE BIENESTAR;7192;SUPERINTENDENCIA DE SERVICIOS SANITARIOS;Región Metropolitana de Santiago;Santiago;1
1218393;BIENES Y SERVICIOS;1802401;CONSULTORIO EXTERNO VALDIVIA;Región de Los Ríos;Valdivia;9
1219102;Defensoría del Contribuyente;1806732;Defensoría del Contribuyente;Región Metropolitana de Santiago;Santiago;4
1221016;Corporación de Desarrollo de La Reina;1808595;Corporación de Desarrollo de La Reina;Región Metropolitana de Santiago;La Reina;14
1221275;SERVICIO DE BIENESTAR;7086;AGENCIA CHILENA DE COOPERACION INTERNACIONAL PARA EL DESARROLLO;Región Metropolitana de Santiago;Santiago;1
1222283;Departamento de Finanzas y Adquisiciones;1809839;ACADEMIA NACIONAL DE ESTUDIOS POLITICOS Y ESTRATEGICOS;Región Metropolitana de Santiago;Providencia;2
1224953;Unidad de Compras Públicas;1812422;CORP MUNICIP ANCUD PARA LA EDUCAC SALUD;Región de los Lagos;Ancud;3
1224957;CMDS Nivel Central;1812426;CORP MUNICIPAL DE DESARROLLO SOCIAL DE NUNOA;Región Metropolitana de Santiago;Ñuñoa;7
1224976;CORPORACION MUNICIPAL DE DEPORTES Y RECREACION DE ;1812445;CORPORACION MUNICIPAL DE DEPORTES Y RECREACION DE TEMUCO;Región de la Araucanía;Temuco;1
1229788;Compras SAMU;7052;SERVICIO DE SALUD COQUIMBO;Región de Coquimbo;La Serena;1
1230760;Corporación Municipal de Desarrollo Social Los Muermos;1818087;CORPORACIÓN MUNICIPAL DE DESARROLLO SOCIAL DE LOS MUERMOS;Región de los Lagos;Los Muermos;1
1230851;CORPORACION MUNICIPAL DE CULTURA DE TALCA;1818181;CORPORACION MUNICIPAL DE CULTURA DE TALCA;;;1
1230861;Corporación Municipal del Deporte de Quinta Normal;1818190;CORP MUNICIPAL DEL DEPORTE QUINTA NORMAL;Región Metropolitana de Santiago;Quinta Normal;1
1231;Dirección Regional Aduana de Valparaíso;6952;SERVICIO NACIONAL DE ADUANAS;Región de Valparaíso;Valparaíso;1
1232366;PRORRECTORIA - USACH;212299;UNIVERSIDAD DE SANTIAGO DE CHILE;Región Metropolitana de Santiago;Estación Central;2
1232565;DIRECCIÓN DE GESTIÓN ESTRATÉGICA INSTITUCIONAL;7319;UNIVERSIDAD DE LA SERENA;;;8
1233;Dirección Regional Aduana Metropolitana;6952;SERVICIO NACIONAL DE ADUANAS;Región Metropolitana de Santiago;Santiago;1
1233600;CORP MUNICIPAL DE RENCA;1820898;CORP MUNICIPAL DE RENCA;Región Metropolitana de Santiago;Renca;5
1233607;P01 Slep Iquique casa central;1820906;Servicio Local de Educación Pública Iquique;;;1
1233613;Servicio Local de Educación Pública Magallanes;1820911;Servicio Local de Educación Pública Magallanes;Región de Magallanes y de la Antártica;Punta Arenas;16
1233615;Servicio Local de Educación Pública Aysén;1820914;Servicio Local de Educación Pública Aysén;;;39
1233616;Servicio Local de Educación Pública Punilla Cordil;1820915;Servicio Local de Educación Pública Punilla Cordillera;Región del Ñuble;San Carlos;5
1233619;SERVICIO LOCAL DE EDUCACIÓN PÚBLICA MAULE COSTA;1820918;SERVICIO LOCAL DE EDUCACIÓN PÚBLICA MAULE COSTA;Región del Maule;Cauquenes;13
1233623;Servicio Local de Educación Pública Licancabur;1820922;Servicio Local de Educación Pública Licancabur;Región de Antofagasta;Calama;3
1233822;CORPORACION MUNICIPAL DE DEPORTES Y RECREACIÓN DE ANTOFAGASTA;1821120;CORPORACION MUNICIPAL DE DEPORTES Y RECREACIÓN DE ANTOFAGASTA;Región de Antofagasta;Antofagasta;2
1234;Dirección Regional Aduana de Coyhaique;6952;SERVICIO NACIONAL DE ADUANAS;Región Aysén del General Carlos Ibáñez del Campo;Coyhaique;1
1236;I.N.D. REGION XV;7216;INSTITUTO NACIONAL DE DEPORTES DE CHILE;Región de Arica y Parinacota;Arica;5
1237328;SALUD CORPORACION MUNICIPAL DE PUNTA ARENAS;1820891;CORP MUNICIPAL DE PUNTA ARENAS PARA LA EDUCACION SALUD Y AT AL MENOR;Región de Magallanes y de la Antártica;Punta Arenas;2
1237849;CORPORACION MUNICIPAL DE FOMENTO AL DESARROLLO COMUNAL Y PRODUCTIVO DE LA FLORIDA;1823994;CORPORACION MUNICIPAL DE FOMENTO AL DESARROLLO COMUNAL Y PRODUCTIVO DE LA FLORIDA;Región Metropolitana de Santiago;La Florida;1
1237853;CORPORACION DEL DEPORTE DE LA FLORIDA;1824117;CORPORACION DEL DEPORTE DE LA FLORIDA;Región Metropolitana de Santiago;La Florida;1
1238111;Administración y finanzas;1824375;CORPORACION CULTURAL DE LA REINA;Región Metropolitana de Santiago;La Reina;1
1238177;PROYECTO SEGURIDAD PROVIDENCIA;1824441;ASOCIACION DE MUNICIPIOS METROPOLITANOS PARA LA SEGURIDAD CIUDADANA;Región Metropolitana de Santiago;Providencia;1
1242028;CORPORACION SOCIAL Y CULTURA DE CONCEPCION - SEMCO;1828274;CORPORACION SOCIAL Y CULTURA DE CONCEPCION - SEMCO;;;6
1242121;Insumos Generales;7417;SERVICIO DE SALUD COQUIMBO HOSPITAL DE O;Región de Coquimbo;Ovalle;12
1242126;Ayudas Técnicas;7417;SERVICIO DE SALUD COQUIMBO HOSPITAL DE O;;;3
1242131;Insumos Clínicos Varios;7417;SERVICIO DE SALUD COQUIMBO HOSPITAL DE O;Región de Coquimbo;Ovalle;89
1250343;Economatos-Región del Maule;6925;DIRECCION GENERAL DE GENDARMERIA DE CHIL;Región del Maule;Talca;1
1250345;Economatos-Región del Bio bío;6925;DIRECCION GENERAL DE GENDARMERIA DE CHIL;Región del Biobío;Concepción;1
1250349;Economatos-Región de la Araucanía;6925;DIRECCION GENERAL DE GENDARMERIA DE CHIL;Región de la Araucanía;Angol;5
1250355;Economatos-Región Metropolitana;6925;DIRECCION GENERAL DE GENDARMERIA DE CHIL;Región Metropolitana de Santiago;San Joaquín;1
1250357;Fondos becarios - Escuela de Gendarmería;6925;DIRECCION GENERAL DE GENDARMERIA DE CHIL;Región Metropolitana de Santiago;Santiago;2
1252675;Linea de  Curadurias;7354;CORPORACION DE ASISTENCIA JUDICIAL DE LA REGION DEL BIO BIO;Región del Biobío;Concepción;1
1254;Tesorería Regional de Chillan;6956;TESORERIA GENERAL DE LA REPUBLICA;Región del Ñuble;Chillán;1
1254658;Compras;1817980;Corporación Municipal de Cultura de San Clemente;Región del Maule;San Clemente;1
1255790;CORPORACION MUNICIPAL DE DEPORTES Y RECREACION DE ;1841838;CORPORACION MUNICIPAL DE DEPORTES Y RECREACION DE PENALOLEN;Región Metropolitana de Santiago;Peñalolén;1
1256505;CORPORACION DE DESARROLLO DE LA COMUNA DE SAN VICE;1842551;CORPORACION DE DESARROLLO DE LA COMUNA DE SAN VICENTE;Región del Libertador General Bernardo O´Higgins;San Vicente de Tagua Tagua;1
1260;ADQUISICIONES - PROGRAMA 01;7222;GOBIERNO REGIONAL REGION METROPOLITANA;Región Metropolitana de Santiago;Santiago Centro;2
1260057;Bienes y Servicios;7459;SERVICIO NACIONAL DE SALUD HOSPITAL DE P;Región Metropolitana de Santiago;Peñaflor;32
1261592;UNIDAD TÉCNICA DIRECCIÓN DE SALUD;1111614;CORP MUNICIPAL DE DESARROLLO SOCIAL DE A;Región de Antofagasta;Antofagasta;17
1263;Dirección de Obras Portuarias - Iquique;7246;MINISTERIO DE OBRAS PUBLICAS DIREC CION GRAL DE OO PP DCYF;Región de Tarapacá;Iquique;4
1267885;Salud;7483;CORP MUNICIPAL DE PANGUIPULLI;Región de Los Ríos;Panguipulli;5
1269;Dirección de Obras Portuarias - Puerto Montt;7246;MINISTERIO DE OBRAS PUBLICAS DIREC CION GRAL DE OO PP DCYF;Región de los Lagos;Puerto Montt;1
1270;Dirección de Obras Portuarias - Castro;7246;MINISTERIO DE OBRAS PUBLICAS DIREC CION GRAL DE OO PP DCYF;Región de los Lagos;Castro;1
1271178;CORPORACION MUNICIPAL DE DESARROLLO SOCIAL DE MACUL;1856940;CORPORACION MUNICIPAL DE DESARROLLO SOCIAL DE MACUL;Región Metropolitana de Santiago;Macul;9
1271356;CENTROS DE SALUD - DIRECCIÓN DE SALUD;1803800;CORP MUNICIPAL DE DESARROLLO SOCIAL DE LAMPA;Región Metropolitana de Santiago;Lampa;2
1271357;ESTABLECIMIENTOS EDUCACIONALES;1803800;CORP MUNICIPAL DE DESARROLLO SOCIAL DE LAMPA;Región Metropolitana de Santiago;Lampa;4
1271358;JUNJI;1803800;CORP MUNICIPAL DE DESARROLLO SOCIAL DE LAMPA;Región Metropolitana de Santiago;Lampa;1
1272;Dirección de Obras Portuarias - Coyhaique;7246;MINISTERIO DE OBRAS PUBLICAS DIREC CION GRAL DE OO PP DCYF;Región Aysén del General Carlos Ibáñez del Campo;Coyhaique;2
1272219;Economato Complejo Penitenciario de Arica;6925;DIRECCION GENERAL DE GENDARMERIA DE CHIL;;;7
1272220;Economato CPF San Miguel;6925;DIRECCION GENERAL DE GENDARMERIA DE CHIL;;;1
1272221;Economato CDP Puente Alto;6925;DIRECCION GENERAL DE GENDARMERIA DE CHIL;Región Metropolitana de Santiago;Puente Alto;8
1272222;Economato CDP Santiago Sur;6925;DIRECCION GENERAL DE GENDARMERIA DE CHIL;Región Metropolitana de Santiago;Santiago;20
1272223;Economato CCP Colina I;6925;DIRECCION GENERAL DE GENDARMERIA DE CHIL;Región Metropolitana de Santiago;Colina;10
1272226;Economato Centro Penitenciario Femenino Santiago;6925;DIRECCION GENERAL DE GENDARMERIA DE CHIL;;;4
1272227;Economato CCP Colina II;6925;DIRECCION GENERAL DE GENDARMERIA DE CHIL;Región Metropolitana de Santiago;Colina;5
1272228;Economato CDP Talagante;6925;DIRECCION GENERAL DE GENDARMERIA DE CHIL;Región Metropolitana de Santiago;Talagante;5
1272230;Economato CCP Chillán;6925;DIRECCION GENERAL DE GENDARMERIA DE CHIL;Región del Ñuble;Chillán;5
1272231;Economato CCP Osorno;6925;DIRECCION GENERAL DE GENDARMERIA DE CHIL;;;7
1272239;Economato CCP Lautaro;6925;DIRECCION GENERAL DE GENDARMERIA DE CHIL;Región de la Araucanía;Lautaro;2
1272248;Economato CDP Pitrufquén;6925;DIRECCION GENERAL DE GENDARMERIA DE CHIL;Región de la Araucanía;Pitrufquén;1
1272257;Economato CCP Curicó;6925;DIRECCION GENERAL DE GENDARMERIA DE CHIL;;;2
1272258;Economato CCP Linares;6925;DIRECCION GENERAL DE GENDARMERIA DE CHIL;;;7
1272267;Economato CDP Quillota;6925;DIRECCION GENERAL DE GENDARMERIA DE CHIL;Región de Valparaíso;Quillota;4
1272271;Economato CP Valparaíso;6925;DIRECCION GENERAL DE GENDARMERIA DE CHIL;Región de Valparaíso;Valparaíso;13
1272615;Alimentos de Uso Médico;7417;SERVICIO DE SALUD COQUIMBO HOSPITAL DE O;;;3
1274188;EDUCACION;1854165;CORPORACION DE DESARROLLO SOCIAL DE BUIN;Región Metropolitana de Santiago;Buin;1
1274189;SALUD;1854165;CORPORACION DE DESARROLLO SOCIAL DE BUIN;;;12
1274277;CORPORACION DE FOMENTO DE DESARROLLO COMUNAL Y PRODUCTIVO;1859922;CORPORACION DE FOMENTO DE DESARROLLO COMUNAL Y PRODUCTIVO;Región Metropolitana de Santiago;La Granja;1
1274285;SALUD;1033466;CORPORACION MUNICIPAL DE EDUCACION Y SALUD DE SAN BERNARDO;Región Metropolitana de Santiago;San Bernardo;3
1274667;CENTRO DE SALUD FAMILIAR PUERTO AYSÉN;1860306;CENTRO DE SALUD FAMILIAR PUERTO AYSÉN;Región Aysén del General Carlos Ibáñez del Campo;Aysén;8
1274907;ADQUISICIONES;1860541;CORPORACIÓN MUNICIPAL DE EDUCACIÓN, SALUD Y ATENCIÓN DE MENORES CHONCHI;Región de los Lagos;Chonchi;2
1281;Sea  - I Región;7218;SERVICIO DE EVALUACION AMBIENTAL;;;2
1283;Sea - V Región;7218;SERVICIO DE EVALUACION AMBIENTAL;Región de Valparaíso;Valparaíso;1
1283719;CORPORACION CULTURAL DE LA ILUSTRE MUNICIPALIDAD DE VALDIVIA;1869227;CORPORACION CULTURAL DE LA ILUSTRE MUNICIPALIDAD DE VALDIVIA;;;2
1285;Sea - IX Región;7218;SERVICIO DE EVALUACION AMBIENTAL;;;1
1285502;DIRECCION DE GESTION DE RIESGOS Y DESASTRES;113614;I MUNICIPALIDAD DE CASABLANCA;Región de Valparaíso;Casablanca;2
1285526;Corporación Municipal de San José de Maipo;1870989;Corporación Municipal de San José de Maipo;Región Metropolitana de Santiago;San José de Maipo;1
1286987;Corporación Municipal de Deportes y Recreación Coy;1872408;Corporación Municipal de Deportes y Recreación Coyhaique;Región Aysén del General Carlos Ibáñez del Campo;Coyhaique;5
1287766;Corporación Municipal de Deportes de Ñuñoa;1873179;Corporación Municipal de Deportes de Ñuñoa;Región Metropolitana de Santiago;Ñuñoa;1
1289;Tesoreria Regional X Región - Pto Montt;6956;TESORERIA GENERAL DE LA REPUBLICA;Región de los Lagos;Puerto Montt;1
1294237;ID 1294237 - Centro Comunal CCS;118627;CONSULTORIO GENERAL URBANO DR ALEJANDRO GUTIERREZ;;;2
1295444;CEMENTERIO GENERAL DE CONCEPCIÓN;1828274;CORPORACION SOCIAL Y CULTURA DE CONCEPCION - SEMCO;Región del Biobío;Concepción;2
1296107;Corporación Municipal de Quellón;1881397;Corporación Municipal de Quellón;Región de los Lagos;Quellón;1
1298354;EDUCACION;1244947;CORP MUNICIPAL MELIPILLA PARA LA ED SALUD;Región Metropolitana de Santiago;Melipilla;7
1298355;SALUD;1244947;CORP MUNICIPAL MELIPILLA PARA LA ED SALUD;;;24
1299963;BIBLIOTECA MUNICIPAL DE CONCEPCIÓN;1828274;CORPORACION SOCIAL Y CULTURA DE CONCEPCION - SEMCO;Región del Biobío;Concepción;4
1299965;HOGAR PROTEGIDO DE VILLA NONGUÉN;1828274;CORPORACION SOCIAL Y CULTURA DE CONCEPCION - SEMCO;Región del Biobío;Concepción;7
1300;Servicio Nacional del Adulto Mayor;7032;SERVICIO NACIONAL DEL ADULTO MAYOR;Región Metropolitana de Santiago;Santiago;9
1301;X Región - Llanquihue;6924;CORP NACIONAL FORESTAL;Región de los Lagos;Puerto Montt;1
1301883;DIRECCIÓN NACIONAL;1887034;SERVICIO NACIONAL DE REINSERCION SOCIAL JUVENIL;Región Metropolitana de Santiago;Santiago;11
1305504;SERVICIO LOCAL DE EDUCACIÓN PÚBLICA DE ANDALIÉN CO;1890597;SERVICIO LOCAL DE EDUCACIÓN PÚBLICA DE ANDALIÉN COSTA;Región del Biobío;Coronel;1
1305525;COMPRAS Y LICITACIONES;1890618;SERVICIO LOCAL DE EDUCACIÓN PÚBLICA DE COSTA CENTRAL;Región de Valparaíso;Viña del Mar;3
1305532;COMPRAS Y LICITACIONES;1890625;SERVICIO LOCAL DE EDUCACIÓN PÚBLICA DEL ELQUI;Región de Coquimbo;La Serena;6
1305541;COMPRAS Y LICITACIONES;1890634;SERVICIO LOCAL DE EDUCACIÓN PÚBLICA LOS LIBERTADORES;Región Metropolitana de Santiago;Conchalí;1
1305552;COMPRAS Y LICITACIONES;1890644;SERVICIO LOCAL DE EDUCACIÓN PÚBLICA TAMARUGAL;Región de Tarapacá;Pozo Almonte;2
1305560;COMPRAS Y LICITACIONES;1890653;SERVICIO LOCAL DE EDUCACIÓN PÚBLICA DE VALDIVIA;Región de Los Ríos;Valdivia;2
1306643;SERVICIOS TRASPASADOS DEPARTAMENTO DE SALUD;86664;I.MUNICIPALIDAD DE CERRO NAVIA;Región Metropolitana de Santiago;Cerro Navia;6
1311;CORFO VII REGION - MAULE;6942;CORPORACION DE FOMENTO DE LA PRODUCCION;Región del Maule;Talca;1
1312289;Sea - XI Región;7218;SERVICIO DE EVALUACION AMBIENTAL;Región Aysén del General Carlos Ibáñez del Campo;Aysén;1
1312459;ADQUISICIONES;1897431;CORPORACION MUNICIPAL DE DEPORTES DE IQUIQUE;Región de Tarapacá;Iquique;4
1314;Dirección de Tecnología;6942;CORPORACION DE FOMENTO DE LA PRODUCCION;;;1
1316747;Departamento de Administración;1901623;CORPORACION CULTURAL MUNICIPAL DE LOS ANGELES;Región del Biobío;Los Angeles;1
1330;Direccion Regional de Arica y Parinacota;7190;SERVICIO NACIONAL DE TURISMO;Región de Arica y Parinacota;Arica;1
1335;CORFO XI REGION - AYSEN;6942;CORPORACION DE FOMENTO DE LA PRODUCCION;Región Aysén del General Carlos Ibáñez del Campo;Aysén;1
1336;Dirección de Vialidad - X Región - Provincia de Llanquihue;7248;MINISTERIO DE OBRAS PUBLICAS DIREC CION GRAL DE OO PP DCYF;Región de los Lagos;Puerto Montt;1
1337362;DIRECCIÓN REGIONAL DE ARICA Y PARINACOTA;7011;SERVICIO NACIONAL DEL PATRIMONIO CULTURAL;Región de Arica y Parinacota;Arica;1
1338;SEREMI IX;6958;SUBSECRETARIA DEL MINISTERIO DE EDUCACION PUBLICA;Región de la Araucanía;Temuco;3
1338462;Insumos Clínicos;7139;SERVICIO DE SALUD NUBLE HOSPITAL DE EL C;;;2
1339159;PROGRAMA 02;1890640;SERVICIO LOCAL DE EDUCACIÓN PÚBLICA SANTA ROSA;Región Metropolitana de Santiago;San Miguel;4
1339163;PROGRAMA 01;1890640;SERVICIO LOCAL DE EDUCACIÓN PÚBLICA SANTA ROSA;;;1
1343;Delegación Presidencial Provincial de Limarí;7037;DELEGACIÓN PRESIDENCIAL PROVINCIAL DE LIMARÍ;Región de Coquimbo;Ovalle;1
1346279;DIRECCION REGIONAL DE ARICA Y PARINACOTA;1887034;SERVICIO NACIONAL DE REINSERCION SOCIAL JUVENIL;Región de Arica y Parinacota;Arica;6
1346281;DIRECCIÓN REGIONAL DE TARAPACÁ;1887034;SERVICIO NACIONAL DE REINSERCION SOCIAL JUVENIL;;;26
1346282;DIRECCIÓN REGIONAL DE COQUIMBO;1887034;SERVICIO NACIONAL DE REINSERCION SOCIAL JUVENIL;;;13
1346283;DIRECCIÓN REGIONAL DE ATACAMA;1887034;SERVICIO NACIONAL DE REINSERCION SOCIAL JUVENIL;Región de Atacama;Copiapó;9
1346284;DIRECCIÓN REGIONAL DE ANTOFAGASTA;1887034;SERVICIO NACIONAL DE REINSERCION SOCIAL JUVENIL;Región de Antofagasta;Antofagasta;12
1347870;Servicio Municipal de Salud - Convenios;86624;I MUNICIPALIDAD DE ARICA;Región de Arica y Parinacota;Arica;2
1349;Dirección Regional VIII Región;6960;SERVICIO DE REGISTRO CIVIL E IDENTIFICACION;Región del Biobío;Concepción;1
1350137;CFLL DPPLA;7009;GOBERNACION PROVINCIAL DE LOS ANDES;Región de Valparaíso;Los Andes;1
1350296;ABASTECIMIENTO HAH;1934667;HOSPITAL DE ALTO HOSPICIO;Región de Tarapacá;Alto Hospicio;48
1350767;Jef Adm y Logística - Campo Militar Cachapoal;111870;DIVISION LOGISTICA DEL EJERCITO;Región del Libertador General Bernardo O´Higgins;Rancagua;6
1351;Dirección Regional V Región;6960;SERVICIO DE REGISTRO CIVIL E IDENTIFICACION;Región de Valparaíso;Valparaíso;1
1351461;Secretaría de Gobierno Digital;6943;SUBSECRETARIA DEL MINISTERIO DE HACIENDA;Región Metropolitana de Santiago;Santiago;1
1353;Dirección Regional III Región;6960;SERVICIO DE REGISTRO CIVIL E IDENTIFICACION;Región de Atacama;Copiapó;1
1354;Dirección Regional II Región;6960;SERVICIO DE REGISTRO CIVIL E IDENTIFICACION;;;2
1355402;CORPORACIÓN MUNICIPAL DE DEPORTES DE LO PRADO;1939696;CORPORACIÓN MUNICIPAL DE DEPORTES DE LO PRADO;;;1
1360;Dirección Región Metropolitana XIII;6960;SERVICIO DE REGISTRO CIVIL E IDENTIFICACION;Región Metropolitana de Santiago;Santiago;2
1364;Tesorería Regional de Valparaíso;6956;TESORERIA GENERAL DE LA REPUBLICA;Región de Valparaíso;Valparaíso;1
1368;Agencia de Sustentabilidad y Cambio Climático;6942;CORPORACION DE FOMENTO DE LA PRODUCCION;Región Metropolitana de Santiago;Santiago Centro;2
1371;Comité de Seguro Agricola;7043;Comité de Seguros del Agro;;;9
1373053;Bienestar;6950;SERVICIO DE COOPERACION TECNICA;Región Metropolitana de Santiago;Santiago;1
1375735;COMPRAS Y LICITACIONES;1959810;SERVICIO LOCAL DE EDUCACIÓN PÚBLICA ANTOFAGASTA;;;5
1375753;COMPRAS Y LICITACIONES;1959828;SERVICIO LOCAL DE EDUCACIÓN PÚBLICA LOS ANDES;Región de Valparaíso;Los Andes;3
1375757;COMPRAS Y LICITACIONES;1959832;SERVICIO LOCAL DE EDUCACIÓN PÚBLICA PUELCHE;Región Metropolitana de Santiago;Santiago;9
1375758;NIVEL CENTRAL SLEP SANTIAGO CENTRO P01;1959833;SERVICIO LOCAL DE EDUCACIÓN PÚBLICA SANTIAGO CENTRO;Región Metropolitana de Santiago;Santiago;4
1375761;COMPRAS Y LICITACIONES;1959836;SERVICIO LOCAL DE EDUCACIÓN PÚBLICA VALLE DIGUILLÍN;Región del Ñuble;Chillán;2
1376;Región de Atacama;6925;DIRECCION GENERAL DE GENDARMERIA DE CHIL;Región de Atacama;Copiapó;32
1380;HOSPITAL DOCTOR HERNAN HENRIQUEZ ARAVENA;7046;HOSPITAL DOCTOR HERNAN HENRIQUEZ ARAVENA;Región de la Araucanía;Temuco;130
1380371;AGB ALMIRANTE VIEL;111875;DIRECCION DE ABASTECIMIENTO DE LA ARMADA;Región del Biobío;Talcahuano;4
1381;Hospital Gorbea;7047;SERVICIO DE SALUD ARAUCANIA SUR HOSPITAL DE GORBEA;Región de la Araucanía;Gorbea;8
1382;Consultorio Miraflores;7133;Consultorio Miraflores;Región de la Araucanía;Temuco;6
1383;Hospital Vilcún;7049;HOSPITAL VILCUN;Región de la Araucanía;Vilcún;4
1385462;Nivel Central SBAP;1968268;SERVICIO DE BIODIVERSIDAD Y ÁREAS PROTEGIDAS;Región Metropolitana de Santiago;Santiago;26
1389183;SERVICIO EDUCATIVO ANDALIEN COSTA;1890597;SERVICIO LOCAL DE EDUCACIÓN PÚBLICA DE ANDALIÉN COSTA;Región del Biobío;Coronel;2
1389488;COMPRAS Y LICITACIONES;1972213;SERVICIO LOCAL DE EDUCACIÓN PÚBLICA DE LOS ÁLAMOS;Región del Maule;Linares;23
1389584;DIRECCION COMUNAL DE EDUCACION - CORP MARIA PINTO;1842168;CORPORACION MUNICIPAL DE MARÍA PINTO;Región Metropolitana de Santiago;María Pinto;2
1389585;DIRECCION COMUNAL DE SALUD- CORP MARIA PINTO;1842168;CORPORACION MUNICIPAL DE MARÍA PINTO;Región Metropolitana de Santiago;María Pinto;6
1390255;PROYECTO SEGURIDAD INDEPENDENCIA;1824441;ASOCIACION DE MUNICIPIOS METROPOLITANOS PARA LA SEGURIDAD CIUDADANA;;;2
1391;Región del Maule;6925;DIRECCION GENERAL DE GENDARMERIA DE CHIL;Región del Maule;Talca;112
1391896;Desarrollo Productivo Sostenible;7078;SUBSECRETARIA DE ECONOMIA Y EMPRESAS DE MENOR TAMANO;Región Metropolitana de Santiago;Santiago;1
1392;UNIDAD DE COMPRA DMC;7202;DIRECCION GENERAL DE AERONAUTICA CIVIL;Región Metropolitana de Santiago;Estación Central;2
1393;Municipalidad De Ninhue-Dpto.Adquisiciones;7051;I MUNICIPALIDAD DE NINHUE;Región del Ñuble;Ninhue;1
1393093;Compras y Licitaciones;1975701;SERVICIO LOCAL DE EDUCACIÓN PÚBLICA DE CHILOÉ;Región de los Lagos;Castro;18
1393495;UNIDAD DE COMPRAS - P02;1890637;SERVICIO LOCAL DE EDUCACIÓN PÚBLICA SANTA CORINA;Región Metropolitana de Santiago;Maipú;14
1393575;Dirección de Administración y Finanzas;1976169;FUNDACION IMAGEN DE CHILE;Región Metropolitana de Santiago;Santiago;2
1395;Servicio de Salud Coquimbo;7052;SERVICIO DE SALUD COQUIMBO;Región de Coquimbo;La Serena;1
1395824;Asociación de Municipalidades del Valle del Itata;1978360;ASOCIACION DE MUNICIPALIDADES DEL VALLE DEL ITATA;Región del Ñuble;Cobquecura;1
1398;Servicio de Salud Ohiggins;7054;SERVICIO DE SALUD LIBERTADOR BDO OHIGGINS;Región del Libertador General Bernardo O´Higgins;Rancagua;5
14;INSTITUTO NACIONAL DE ESTADISTICAS;6931;INSTITUTO NACIONAL DE ESTADISTICAS;Región Metropolitana de Santiago;Santiago;5
1402;Región de O'Higgins;6925;DIRECCION GENERAL DE GENDARMERIA DE CHIL;Región del Libertador General Bernardo O´Higgins;Rancagua;23
1403;Región de Aysén;6925;DIRECCION GENERAL DE GENDARMERIA DE CHIL;Región Aysén del General Carlos Ibáñez del Campo;Coyhaique;32
1407;Región de Tarapacá;6925;DIRECCION GENERAL DE GENDARMERIA DE CHIL;Región de Tarapacá;Iquique;16
1409;UNIDAD DE COMPRA PUERTO MONTT;7202;DIRECCION GENERAL DE AERONAUTICA CIVIL;Región de los Lagos;Puerto Montt;6
1410;Región de Antofagasta;6925;DIRECCION GENERAL DE GENDARMERIA DE CHIL;Región de Antofagasta;Antofagasta;29
1411;Región Metropolitana;6925;DIRECCION GENERAL DE GENDARMERIA DE CHIL;Región Metropolitana de Santiago;Santiago;241
1413;Región de Los Lagos;6925;DIRECCION GENERAL DE GENDARMERIA DE CHIL;Región de los Lagos;Osorno;35
1413021;Dirección Regional Aduana San Antonio;6952;SERVICIO NACIONAL DE ADUANAS;Región de Valparaíso;San Antonio;2
1415861;ISL Subdepartamento de Gestión Administrativa;6953;INSTITUTO DE SEGURIDAD LABORAL;Región Metropolitana de Santiago;Santiago;1
1417913;CORP MUNICIPAL DE DESARROLLO SOCIAL DE IQUIQUE;1999048;CORP MUNICIPAL DE DESARROLLO SOCIAL DE IQUIQUE;Región de Tarapacá;Iquique;2
1417966;Administración y finanzas;1999101;CORPORACIÓN DESARROLLA BIOBÍO;Región del Biobío;Concepción;1
1419513;CM - Dirección CPEIP;6958;SUBSECRETARIA DEL MINISTERIO DE EDUCACION PUBLICA;Región Metropolitana de Santiago;Lo Barnechea;12
1421;VII Región- U.G Manejo del Fuego;6924;CORP NACIONAL FORESTAL;Región del Maule;Talca;3
1422051;JUNTA DE ALCALDES PROVIDENCIA LAS CONDES LA REINA;2004036;JUNTA DE ALCALDES PROVIDENCIA LAS CONDES LA REINA;Región Metropolitana de Santiago;La Reina;2
1422256;ASOCIACION PARQUE CULTURAL DE VALPARAISO;2004236;ASOCIACION PARQUE CULTURAL DE VALPARAISO;Región de Valparaíso;Valparaíso;1
1422259;Administración y Finanzas;2004239;CORPORACION REGIONAL DE DESARROLLO DE LA REGION DE TARAPACA;;;3
1422824;Insumos y Reactivos;1468521;SERVICIO NACIONAL DE SALUD HOSPITAL CARLOS VAN BUREN;Región de Valparaíso;Valparaíso;60
1422825;Operaciones;1468521;SERVICIO NACIONAL DE SALUD HOSPITAL CARLOS VAN BUREN;Región de Valparaíso;Valparaíso;3
1422830;Prótesis;1468521;SERVICIO NACIONAL DE SALUD HOSPITAL CARLOS VAN BUREN;Región de Valparaíso;Valparaíso;1
1423498;Administración Directa DR Antofagasta;1765960;SERVICIO NACIONAL DE PROTECCIÓN ESPECIALIZADA A LA NIÑEZ Y ADOLESCENCI;Región de Antofagasta;Antofagasta;7
1425521;FONDO DE AGUA DE SANTIAGO;2007445;CORPORACIÓN FONDO DE AGUA DE SANTIAGO ;Región Metropolitana de Santiago;Santiago;2
1426;VII - Servicio Nacional de Pesca y Acuicultura;7008;SERV NACIONAL DE PESCA;Región del Maule;Constitución;1
1426037;CORPCOLINA EDUCACION;17890;Corporación Municipal de Desarrollo Social de Colina;Región Metropolitana de Santiago;Colina;10
1426038;CORPCOLINA SALUD;17890;Corporación Municipal de Desarrollo Social de Colina;Región Metropolitana de Santiago;Colina;12
1426095;DIRECCIÓN REGIONAL DEL MAULE;1887034;SERVICIO NACIONAL DE REINSERCION SOCIAL JUVENIL;Región del Maule;Talca;2
1426098;DIRECCIÓN REGIONAL DEL BIO BIO;1887034;SERVICIO NACIONAL DE REINSERCION SOCIAL JUVENIL;Región del Biobío;Concepción;45
1426099;DIRECCIÓN REGIONAL DE LA ARAUCANIA;1887034;SERVICIO NACIONAL DE REINSERCION SOCIAL JUVENIL;Región de la Araucanía;Chol Chol;8
1426100;DIRECCIÓN REGIONAL DE LOS RÍOS;1887034;SERVICIO NACIONAL DE REINSERCION SOCIAL JUVENIL;Región de Los Ríos;Valdivia;25
1426102;DIRECCIÓN REGIONAL DE LOS LAGOS;1887034;SERVICIO NACIONAL DE REINSERCION SOCIAL JUVENIL;Región de los Lagos;Puerto Montt;14
1426103;DIRECCIÓN REGIONAL DE AYSÉN;1887034;SERVICIO NACIONAL DE REINSERCION SOCIAL JUVENIL;Región Aysén del General Carlos Ibáñez del Campo;Aysén;7
1426104;DIRECCIÓN REGIONAL DE MAGALLANES;1887034;SERVICIO NACIONAL DE REINSERCION SOCIAL JUVENIL;Región Metropolitana de Santiago;Santiago;4
1428;XI - Servicio Nacional de Pesca y Acuicultura;7008;SERV NACIONAL DE PESCA;Región Aysén del General Carlos Ibáñez del Campo;Aysén;3
1428662;CORP MUNICIPAL DE PUQUELDON PARA LA EDUC;2010501;CORP MUNICIPAL DE PUQUELDON PARA LA EDUC;Región de los Lagos;Puqueldón;1
1429;R.M - Servicio Nacional de Pesca y Acuicultura;7008;SERV NACIONAL DE PESCA;Región Metropolitana de Santiago;Pudahuel;1
1430707;Dispositivos Médicos;7416;SERVICIO DE SALUD COQUIMBO HOSPITAL DE COQUIMBO;Región de Coquimbo;Coquimbo;9
1430710;Economato;7416;SERVICIO DE SALUD COQUIMBO HOSPITAL DE COQUIMBO;Región de Coquimbo;Coquimbo;8
1430715;Compras Menores;7416;SERVICIO DE SALUD COQUIMBO HOSPITAL DE COQUIMBO;Región de Coquimbo;Coquimbo;1
1431291;CORPORACION TEATRO REGIONAL DEL BIO-BIO;2013096;CORPORACION TEATRO REGIONAL DEL BIO-BIO;Región del Biobío;Concepción;4
1431841;DIRECCION  DE COMPRAS PUBLICAS;7325;I MUNICIPALIDAD DE RECOLETA;Región Metropolitana de Santiago;Recoleta;17
1432083;P02 Establecimientos Educacionales;1890653;SERVICIO LOCAL DE EDUCACIÓN PÚBLICA DE VALDIVIA;Región de Los Ríos;Valdivia;13
1436733;Compras y licitaciones P02;1890634;SERVICIO LOCAL DE EDUCACIÓN PÚBLICA LOS LIBERTADORES;Región Metropolitana de Santiago;Conchalí;1
1439285;CORPORACIÓN MUNICIPAL DE DESARROLLO SOCIAL DE TIL TIL;2020992;CORPORACIÓN MUNICIPAL DE DESARROLLO SOCIAL DE TIL TIL;Región Metropolitana de Santiago;Til Til;2
1441;03 - Región de Atacama;7182;FONDO DE SOLIDARIDAD E INVERSION SOCIAL;Región de Atacama;Copiapó;1
1443565;URURI;1175633;INIA;Región de Arica y Parinacota;Arica;4
1445811;Proyecto La Cisterna;2007689;ASOCIACIÓN DE MUNICIPIOS PARA LA SEGURIDAD COMUNITARIA;Región Metropolitana de Santiago;La Cisterna;2
1445908;Proyecto San Joaquín;2007689;ASOCIACIÓN DE MUNICIPIOS PARA LA SEGURIDAD COMUNITARIA;Región Metropolitana de Santiago;San Joaquín;1
1446646;JUNJI;113853;I MUNICIPALIDAD DE COLLIPULLI;Región de la Araucanía;Collipulli;1
1447929;CORP CULTURAL BALMACEDA DOCE QUINCE;2029470;CORP CULTURAL BALMACEDA DOCE QUINCE;Región Metropolitana de Santiago;Santiago;3
1447930;SUBSECRETARIA DE SEGURIDAD PUBLICA;2029471;SUBSECRETARIA DE SEGURIDAD PUBLICA;Región Metropolitana de Santiago;Santiago;10
1448;10 - Región de los Lagos;7182;FONDO DE SOLIDARIDAD E INVERSION SOCIAL;Región de los Lagos;Puerto Montt;1
1448380;CONVENIO CORFO;7210;SERVICIO NACIONAL DE GEOLOGIA Y MINERIA;Región Metropolitana de Santiago;Providencia;1
1449;11 - Región de Aysen General Carlos Ibanez del C.;7182;FONDO DE SOLIDARIDAD E INVERSION SOCIAL;Región Aysén del General Carlos Ibáñez del Campo;Coyhaique;1
1449668;ASOCIACION DE MUNICIPALIDADES DE CHILE;2031159;ASOCIACION DE MUNICIPALIDADES DE CHILE;Región Metropolitana de Santiago;Las Condes;1
1450;12 - Región de Magallanes y Antartica Chilena;7182;FONDO DE SOLIDARIDAD E INVERSION SOCIAL;Región de Magallanes y de la Antártica;Punta Arenas;1
1455288;BIENESTAR SOCIAL CLUBES SOCIALES;6946;FUERZA AEREA DE CHILE COMANDO LOGISTICO;Región Metropolitana de Santiago;El Bosque;32
1456835;SERVICIO LOCAL DE EDUCACIÓN PÚBLICA DEL LITORAL;2038207;SERVICIO LOCAL DE EDUCACIÓN PÚBLICA DEL LITORAL;Región de Valparaíso;San Antonio;1
1456836;SERVICIO LOCAL DE EDUCACIÓN PÚBLICA HANGA ROA;2038208;SERVICIO LOCAL DE EDUCACIÓN PÚBLICA HANGA ROA;Región Metropolitana de Santiago;Santiago;2
1456840;SERVICIO LOCAL DE EDUCACIÓN PÚBLICA DEL RELONCAVÍ;2038212;SERVICIO LOCAL DE EDUCACIÓN PÚBLICA DEL RELONCAVÍ;Región de los Lagos;Puerto Montt;4
1457281;CORP CULTURAL MATUCANA CIEN;2038651;CORP CULTURAL MATUCANA CIEN;Región Metropolitana de Santiago;Estación Central;1
1457902;Oficina de Seguimiento;6944;SUBSECRETARIA DEL INTERIOR;;;1
1460278;DPTO DE COORDINACION INSTITUCIONAL - PRORRECTORIA;212299;UNIVERSIDAD DE SANTIAGO DE CHILE;Región Metropolitana de Santiago;Estación Central;6
1462;Hospital Hualañé;7255;SERVICIO DE SALUD DEL MAULE HOSPITAL DE HUALANE;Región del Maule;Hualañé;2
1463;Hospital Licantén;7257;SERVICIO DE SALUD DEL MAULE HOSPITAL DE LICANTEN;Región del Maule;Licantén;2
1464;Hospital Parral;7259;SERVICIO DE SALUD DEL MAULE HOSPITAL DE PARRAL;;;11
1465;Hospital Teno;7261;SERVICIO DE SALUD DEL MAULE HOSPITAL DE TENO;Región del Maule;Teno;3
1469;Universidad de Talca;7147;UNIVERSIDAD DE TALCA;Región del Maule;Talca;4
1470;DELEGACIÓN PRESIDENCIAL PROVINCIAL DE LA ANTÁRTICA;7148;DELEGACIÓN PRESIDENCIAL PROVINCIAL DE LA ANTÁRTICA CHILENA;Región de Magallanes y de la Antártica;Cabo de Hornos;2
1475044;VAEGI-DSI- Habililitacion VM20;7251;UNIVERSIDAD DE CHILE;Región Metropolitana de Santiago;Providencia;1
1476;Tesorería Regional de Los Rios;6956;TESORERIA GENERAL DE LA REPUBLICA;Región de Los Ríos;Valdivia;2
1477;Corporación de Asistencia Judicial RM;7152;Corporación de Asistencia Judicial RM;Región Metropolitana de Santiago;Santiago;7
1480;Depto. Provincial Educación Chiloe;6958;SUBSECRETARIA DEL MINISTERIO DE EDUCACION PUBLICA;Región de los Lagos;Castro;1
1480090;COLEGIO ANTARTICA CHILENA 090;98462;I MUNICIPALIDAD DE VITACURA;Región Metropolitana de Santiago;Vitacura;1
1480147;SUBDIRECCION DE ADMINISTRACION 147;98462;I MUNICIPALIDAD DE VITACURA;Región Metropolitana de Santiago;Vitacura;1
1480972;PROGRAMA 02;1890635;SERVICIO LOCAL DE EDUCACIÓN PÚBLICA DE MARGA MARGA;;;3
1483330;SERVICIO LOCAL DE EDUCACIÓN PÚBLICA CHACABUCO;2063230;SERVICIO LOCAL DE EDUCACIÓN PÚBLICA CHACABUCO;Región Metropolitana de Santiago;Santiago;3
1484;Departamento Provincial Arauco;6958;SUBSECRETARIA DEL MINISTERIO DE EDUCACION PUBLICA;Región del Biobío;Lebu;1
1485;Departamento Provincial Bío Bío;6958;SUBSECRETARIA DEL MINISTERIO DE EDUCACION PUBLICA;Región del Biobío;Los Angeles;1
1485217;ESTABLECIMIENTOS EDUCACIONALES P02;1959833;SERVICIO LOCAL DE EDUCACIÓN PÚBLICA SANTIAGO CENTRO;Región Metropolitana de Santiago;Santiago;3
1488;HOSPITAL HERNAN HENRIQUEZ ARAVENA - OPERACIONES;7046;HOSPITAL DOCTOR HERNAN HENRIQUEZ ARAVENA;Región de la Araucanía;Temuco;6
1490160;Adquisiciones Desarrollo Educativo Los Parques;1959829;SERVICIO LOCAL DE EDUCACIÓN PÚBLICA LOS PARQUES;;;5
1490607;Dirección Regional de Atacama SBAP;1968268;SERVICIO DE BIODIVERSIDAD Y ÁREAS PROTEGIDAS;;;1
1490608;Dirección Regional de Valparaíso SBAP;1968268;SERVICIO DE BIODIVERSIDAD Y ÁREAS PROTEGIDAS;;;1
1490609;Dirección Regional de Araucanía SBAP;1968268;SERVICIO DE BIODIVERSIDAD Y ÁREAS PROTEGIDAS;;;1
1490610;Dirección Regional de Magallanes SBAP;1968268;SERVICIO DE BIODIVERSIDAD Y ÁREAS PROTEGIDAS;;;2
1490611;Dirección Regional de Biobio SBAP;1968268;SERVICIO DE BIODIVERSIDAD Y ÁREAS PROTEGIDAS;;;3
1491370;DECANATO FACULTAD DE INGENIERÍA;7319;UNIVERSIDAD DE LA SERENA;Región de Coquimbo;La Serena;1
1492433;Dirección Regional de Los Lagos SBAP;1968268;SERVICIO DE BIODIVERSIDAD Y ÁREAS PROTEGIDAS;;;2
1493;I MUNICIPALIDAD DE SAN NICOLAS;7158;I MUNICIPALIDAD DE SAN NICOLAS;Región del Ñuble;San Nicolás;1
1494998;Dirección Regional de Aysén;1968268;SERVICIO DE BIODIVERSIDAD Y ÁREAS PROTEGIDAS;Región Aysén del General Carlos Ibáñez del Campo;Aysén;1
1495202;Dirección Regional de Antofagasta SBAP;1968268;SERVICIO DE BIODIVERSIDAD Y ÁREAS PROTEGIDAS;Región de Antofagasta;Antofagasta;1
1495203;Dirección Regional de Coquimbo SBAP;1968268;SERVICIO DE BIODIVERSIDAD Y ÁREAS PROTEGIDAS;;;4
1495209;Dirección Regional de Los Ríos SBAP;1968268;SERVICIO DE BIODIVERSIDAD Y ÁREAS PROTEGIDAS;;;1
1499;INSTITUTO NACIONAL DEL TORAX;7298;INSTITUTO NACIONAL DEL TORAX;Región Metropolitana de Santiago;Santiago;39
1499664;FUNDACIÓN GG;2079212;FUNDACIÓN GG;Región del Maule;Talca;14
1499887;DIRECCIÓN REGIONAL METROPOLITANA;1887034;SERVICIO NACIONAL DE REINSERCION SOCIAL JUVENIL;Región Metropolitana de Santiago;Ñuñoa;65
1499899;DIRECCIÓN REGIONAL DE VALPARAÍSO;1887034;SERVICIO NACIONAL DE REINSERCION SOCIAL JUVENIL;Región de Valparaíso;Valparaíso;29
1499900;DIRECCIÓN REGIONAL DE OHIGGINS;1887034;SERVICIO NACIONAL DE REINSERCION SOCIAL JUVENIL;;;14
1500443;Unidad de Coordinación Asuntos Indigenas;6944;SUBSECRETARIA DEL INTERIOR;Región Metropolitana de Santiago;Santiago;4
1501722;CORPCOLINA BIENESTAR DE EDUCACION;17890;Corporación Municipal de Desarrollo Social de Colina;Región Metropolitana de Santiago;Colina;1
1502815;Comité de Construcción Naval;6942;CORPORACION DE FOMENTO DE LA PRODUCCION;Región Metropolitana de Santiago;Santiago;1
1505363;PROGRAMA PAIM;1688788;CENTRO SALUD MENTAL COMUNITARIA LOS ANDES;Región de Valparaíso;Los Andes;1
1509;Hospital Til - Til;7274;SERVICIO DE SALUD METROPOLITANO NORTE HOSPITAL DE TIL TIL;Región Metropolitana de Santiago;Til Til;4
1510421;JUNJI  DAEM;119488;I MUNICIPALIDAD DE CANETE;Región del Biobío;Cañete;1
1511;Hospital de Constitución;7277;Hospital de Constitución;Región del Maule;Constitución;9
1514;Hospital de Castro;16223;SERVICIO DE SALUD CHILOE;Región de los Lagos;Castro;32
1515304;Sec Compras Zona Frontera y Servicios Especiales;113812;DIRECCION DE LOGISTICA DE CARABINEROS;Región Metropolitana de Santiago;Santiago;5
1523;Hospital Dr. Abraham Godoy Peña;7289;SERVICIO NACIONAL ARAUCANIA SUR HOSPITAL DR ABRAHAM GODOY PENA LAUTARO;Región de la Araucanía;Lautaro;9
1523828;CORPORACION REGIONAL DE DESARROLLO PRODUCTIVO DE LA REGION COQUIMBO;2102951;CORPORACION REGIONAL DE DESARROLLO PRODUCTIVO DE LA REGION COQUIMBO;Región de Coquimbo;La Serena;1
1524811;VAEC-Residencias;7251;UNIVERSIDAD DE CHILE;Región Metropolitana de Santiago;Santiago;6
1525570;Proyecto San Bernardo;2007689;ASOCIACIÓN DE MUNICIPIOS PARA LA SEGURIDAD COMUNITARIA;Región Metropolitana de Santiago;San Bernardo;2
1526410;COMANDANCIA  BASE NAVAL TALCAHUANO;111875;DIRECCION DE ABASTECIMIENTO DE LA ARMADA;;;4
1529;Hospital de Rengo;7440;SERVICIO DE SALUD HOSPITAL DE RENGO;Región del Libertador General Bernardo O´Higgins;Rengo;13
1532;Centro Referencia Salud Doctor Salvador Allende G.;7373;CENTRO REFERENCIAL DE SALUD DR SALVADOR ALLENDE GOSSENS;Región Metropolitana de Santiago;Pudahuel;7
1532192;DEPARTAMENTO DE SALUD MUNICIPAL;88075;ILUSTRE MUNICIPALIDAD DE QUINTA NORMAL;Región Metropolitana de Santiago;Quinta Normal;2
1533460;CORPORACIÓN MUNICIPAL DE CULTURA, DEPORTE Y DE FOMENTO DE DESARROLLO C;2112425;CORPORACIÓN MUNICIPAL DE CULTURA, DEPORTE Y DE FOMENTO DE DESARROLLO C;Región Metropolitana de Santiago;Conchalí;1
1534596;Escuela de Formación de Carabineros Grupo Quirihue;113812;DIRECCION DE LOGISTICA DE CARABINEROS;Región del Ñuble;Quirihue;2
1536;DELEGACIÓN PRESIDENCIAL PROVINCIAL DE TIERRA DEL F;7381;DELEGACIÓN PRESIDENCIAL PROVINCIAL DE TIERRA DEL FUEGO;Región de Magallanes y de la Antártica;Porvenir;1
1540;Hospital Dr. Augusto Essmann Burgos;7310;SERVICIO DE SALUD MAGALLANES HOSPITAL DE PTO NATALES;Región de Magallanes y de la Antártica;Puerto Natales;8
1546;SII DR14 Dirección Regional Santiago Poniente;7113;SERVICIO DE IMPUESTOS INTERNOS DIRECCION;Región Metropolitana de Santiago;Santiago;1
1549;Hospital San  José;7406;SERVICIO DE SALUD METROPOLITANA NORTE HOSPITAL SAN JOSE;Región Metropolitana de Santiago;Independencia;127
1550;SII DR08 Dirección Regional Concepción;7113;SERVICIO DE IMPUESTOS INTERNOS DIRECCION;Región del Biobío;Concepción;1
1552;Servicio de Salud Atacama;7409;SERVICIO DE SALUD ATACAMA;Región de Atacama;Copiapó;3
1554;Abastecimiento Hospital de Copiapó;7411;SERVICIO DE SALUD ATACAMA HOSPITAL COPIA;;;20
1555;Adquisiciones Clinicas Medicamentos e Insumos;7412;HOSPITAL PROVINCIAL   DEL HUASCO MSR FERNANDO ARIZTIA RUIZ;Región de Atacama;Vallenar;25
1556;Hospital de Chañaral;7413;SERVICIO DE SALUD ATACAMA HOSPITAL DE CHANARAL;Región de Atacama;Chañaral;2
1557;Hospital de Huasco;7414;SERVICIO SALUD ATACAMA HOSPITAL DE HUASCO;Región de Atacama;Huasco;1
1558;Hospital Diego de Almagro;7415;SERVICIO DE SALUD ATACAMA HOSPITAL FLORENCIO VARGAS DIAZ;Región de Atacama;Diego De Almagro;2
1561;Dirección General;7209;DIRECCION GENERAL DEL CREDITO PRENDARIO;Región Metropolitana de Santiago;Santiago;3
1562;Servicio Nacional de Geología y Minería;7210;SERVICIO NACIONAL DE GEOLOGIA Y MINERIA;Región Metropolitana de Santiago;Providencia;34
1572;Junji - XV Región - Arica;6928;JUNTA NACIONAL DE JARDINES         INFANTILES;Región de Arica y Parinacota;Arica;3
1573;Junji - II Región;6928;JUNTA NACIONAL DE JARDINES         INFANTILES;Región de Antofagasta;Antofagasta;3
1574;Junji - IV Región;6928;JUNTA NACIONAL DE JARDINES         INFANTILES;Región de Coquimbo;La Serena;10
1575;Junji - VI Región;6928;JUNTA NACIONAL DE JARDINES         INFANTILES;Región del Libertador General Bernardo O´Higgins;Rancagua;13
1576;Junji - VIII Región;6928;JUNTA NACIONAL DE JARDINES         INFANTILES;Región del Biobío;Concepción;42
1577;Ministerio del Interior - Intendencia X Región;7215;DELEGACIÓN PRESIDENCIAL REGIONAL DE LOS LAGOS;Región de los Lagos;Puerto Montt;1
1588;Servicio de Evaluación Ambiental - Sea;7218;SERVICIO DE EVALUACION AMBIENTAL;Región Metropolitana de Santiago;Santiago;4
1589;DELEGACION PRESIDENCIAL REGIONAL DE LA ARAUCANIA;7220;DELEGACIÓN PRESIDENCIAL REGIONAL DE LA ARAUCANÍA;Región de la Araucanía;Temuco;1
1590;Subsecretaría de Agricultura;7189;SUBSECRETARIA DEL MINISTERIO DE AGRICULT;Región Metropolitana de Santiago;Santiago Centro;10
1591;Servicio Nacional de Turismo - Sernatur;7190;SERVICIO NACIONAL DE TURISMO;Región Metropolitana de Santiago;Providencia;4
1592;M. del Trabajo - Subsecretaría de Previsión Social;7191;SUBSECRETARIA DE PREVISION SOCIAL;Región Metropolitana de Santiago;Santiago;7
1593;Superintendencia de Servicios Sanitarios - SISS;7192;SUPERINTENDENCIA DE SERVICIOS SANITARIOS;Región Metropolitana de Santiago;Santiago;2
1596;Gobierno Regional del Maule;7223;GOBIERNO REGIONAL VII REGION;Región del Maule;Talca;2
1602;UNIDAD DE COMPRA SERVICIOS GENERALES;7202;DIRECCION GENERAL DE AERONAUTICA CIVIL;Región Metropolitana de Santiago;Providencia;9
1605;SII Dirección Nacional;7113;SERVICIO DE IMPUESTOS INTERNOS DIRECCION;Región Metropolitana de Santiago;Santiago;2
1606;AGCID;7086;AGENCIA CHILENA DE COOPERACION INTERNACIONAL PARA EL DESARROLLO;Región Metropolitana de Santiago;Santiago;2
1607;Superintendencia de Seguridad Social;7114;SUPERINTENDENCIA DE SEGURIDAD SOCIAL;Región Metropolitana de Santiago;Santiago Centro;4
1608;DELEGACION PRESIDENCIAL REGIONAL DE AYSEN;7229;DELEGACIÓN PRESIDENCIAL REGIONAL DE AYSÉN DEL GENERAL CARLOS IBÁÑEZ DE;Región Aysén del General Carlos Ibáñez del Campo;Coyhaique;2
1609;GOBIERNO REGIONAL;7087;GOBIERNO REGIONAL XII REGION MAGALLANES Y ANTARTICA CHILENA;;;5
1610;Sernam X Región;6948;SERVICIO NACIONAL DE LA MUJER Y LA EQUIDAD DE GENERO;Región de los Lagos;Puerto Montt;1
1611;Servicio Nacional del Consumidor;7230;Servicio Nacional del Consumidor - SERNAC;Región Metropolitana de Santiago;Santiago;1
1618;Ministerio de Hacienda - Dipres;7012;DIRECCION DE PRESUPUESTOS MINISTERIO DE;Región Metropolitana de Santiago;Santiago;4
1620;SERVICIO DE SALUD HOSPITAL DE CHIMBARONGO;7441;SERVICIO DE SALUD HOSPITAL DE CHIMBARONGO;Región del Libertador General Bernardo O´Higgins;Chimbarongo;4
1621;Hospital de Marchigue;7442;SERVICIO DE SALUD HOSPITAL DE MARCHIGUE;Región del Libertador General Bernardo O´Higgins;Marchigue;1
1622;Hospital de San Vicente de Tagua Tagua;7443;SERVICIO DE SALUD HOSPITAL DE SAN VICENTE DE TAGUA TAGUA;Región del Libertador General Bernardo O´Higgins;San Vicente de Tagua Tagua;15
1623;Hospital de Peumo;7444;SERVICIO DE SALUD HOSPITAL DE PEUMO;Región del Libertador General Bernardo O´Higgins;Peumo;4
1624;Hospital de Nancagua;7445;SERVICIO DE SALUD HOSPITAL DE NANCAGUA;Región del Libertador General Bernardo O´Higgins;Nancagua;3
1626;Hospital de Lolol;7447;Hospital de Lolol;Región del Libertador General Bernardo O´Higgins;Lolol;5
1627;Hospital de San Fernando Abastecimiento;7448;SERVICIO DE SALUD HOSPITAL DE SAN FERNANDO;Región del Libertador General Bernardo O´Higgins;San Fernando;9
1628;Hospital Santa Filomena de Graneros;7449;SERVICIO DE SALUD HOSPITAL DE GRANEROS;Región del Libertador General Bernardo O´Higgins;Graneros;3
1629;DELEGACIÓN PRESIDENCIAL PROVINCIAL DE ARAUCO;7450;DELEGACIÓN PRESIDENCIAL PROVINCIAL DE ARAUCO;Región del Biobío;Lebu;1
1641;SERVICIO DE SALUD OCCIDENTE HOSPITAL SAN JUAN DE D;7316;SERVICIO DE SALUD OCCIDENTE HOSPITAL SAN JUAN DE DIOS;Región Metropolitana de Santiago;Santiago;33
1642;Hospital de Curacaví;7455;SERVICIO DE SALUD METROPOLITANO OCCIDENTE HOSPITAL DE CURACAVI;Región Metropolitana de Santiago;Curacaví;2
1643;Hospital de Talagante;7457;SERVICIO NACIONAL DE SALUD HOSPITAL DE T;Región Metropolitana de Santiago;Talagante;26
165;Consejo Nacional de Educación;7082;CONSEJO NACIONAL DE EDUCACION;Región Metropolitana de Santiago;Santiago;1
1650;Hospital Santa Juana;7318;Hospital Santa Juana;Región del Biobío;Santa Juana;11
1655;Subdirección de Atención Primaria;7466;SERVICIO DE SALUD METROPOLI CENTRAL DIRECCION DE ATENCION PRIMARIA;Región Metropolitana de Santiago;Santiago;19
1656;Seremi de Salud VI Región;7079;SUBSECRETARIA DE SALUD PUBLICA;Región del Libertador General Bernardo O´Higgins;Rancagua;1
1657;Seremi de Salud IV  Región;7079;SUBSECRETARIA DE SALUD PUBLICA;Región de Coquimbo;La Serena;1
1658;I MUNICIPALIDAD DE TEMUCO;7321;I MUNICIPALIDAD DE TEMUCO;Región de la Araucanía;Temuco;12
1660;SERVICIO SALUD COQUIMBO HOSP DE SALAMANC;7323;SERVICIO SALUD COQUIMBO HOSP DE SALAMANC;Región de Coquimbo;Salamanca;4
1661;HOSPITAL DE LLANQUIHUE;7104;SERVICIO SALUD DEL RELONCAVI;Región de los Lagos;Llanquihue;6
1662;HOSPITAL CALBUCO;7104;SERVICIO SALUD DEL RELONCAVI;Región de los Lagos;Calbuco;9
1663;Hospital de Quellón;16223;SERVICIO DE SALUD CHILOE;Región de los Lagos;Quellón;5
1664;HOSPITAL DE FRESIA;7104;SERVICIO SALUD DEL RELONCAVI;Región de los Lagos;Fresia;4
1665;HOSPITAL DE CHAITEN;7104;SERVICIO SALUD DEL RELONCAVI;Región de los Lagos;Chaitén;2
1666;HOSPITAL DE MAULLÍN;7104;SERVICIO SALUD DEL RELONCAVI;Región de los Lagos;Maullín;2
1671;Seremi de Salud III Región;7079;SUBSECRETARIA DE SALUD PUBLICA;Región de Atacama;Copiapó;1
1681;ABASTECIMIENTO HBL;7258;SERVICIO DE SALUD DEL MAULE HOSPITAL DE LINARES;;;12
1690;SII DR16 Dirección Regional Santiago Sur;7113;SERVICIO DE IMPUESTOS INTERNOS DIRECCION;Región Metropolitana de Santiago;San Miguel;1
1691;Compras de Insumos Clínicos;7340;SERVICIO NACIONAL DE SALUD HOSPITAL DE C;Región Aysén del General Carlos Ibáñez del Campo;Coyhaique;4
1692;Hospital Cochrane;7480;SERVICIO NACIONAL DE SALUD HOSPITAL DE COCHRANE;Región Aysén del General Carlos Ibáñez del Campo;Cochrane;6
1696;Corp. Adm. del Poder Judicial - Arica;7342;CORP ADMINISTRATIVA DEL PODER JUDICIAL;Región de Arica y Parinacota;Arica;2
1697;Corp. Adm. del Poder Judicial - Antofagasta;7342;CORP ADMINISTRATIVA DEL PODER JUDICIAL;Región de Antofagasta;Antofagasta;2
1698;Corp. Adm. del Poder Judicial - La Serena;7342;CORP ADMINISTRATIVA DEL PODER JUDICIAL;Región de Coquimbo;La Serena;7
1702;HOSPITAL DE PEÑABLANCA;7489;SERVICIO DE SALUD VINA DEL MAR QUILLOTA;Región de Valparaíso;Villa Alemana;14
1703;Hospital Dr. Mario Sánchez Vergara de La Calera;7344;HOSPITAL DR MARIO SANCHEZ VERGARA LA CALERA;;;20
1704;Hospital San Martín de Quillota;7345;SERVICIO DE SALUD VINA DEL MAR QUILLOTA;Región de Valparaíso;Quillota;74
1705;Hospital Quintero;7348;HOSPITAL ADRIANA COUSINO DE QUINTERO;Región de Valparaíso;Quintero;11
1709;Salud;7351;I MUNICIPALIDAD DE CAUQUENES;Región del Maule;Cauquenes;1
17120;Corporación Municipal de Desarrollo Social de Coli;17890;Corporación Municipal de Desarrollo Social de Colina;Región Metropolitana de Santiago;Colina;1
1723;Ilustre Municipalidad de los Lagos;7159;I MUNICIPALIDAD DE LOS LAGOS;Región de Los Ríos;Los Lagos;1
1725;SUBSECRETARIA DE LAS CULTURAS Y LAS ARTES;7359;SUBSECRETARÍA DE LAS CULTURAS Y LAS ARTES;Región de Valparaíso;Valparaíso;21
1733;Instituto Forestal;7497;INSTITUTO FORESTAL;Región del Biobío;San Pedro de La Paz;15
1736;I MUNICIPALIDAD DE LA COMUNA DE EL BOSQUE;7496;I MUNICIPALIDAD DE LA COMUNA DE EL BOSQUE;Región Metropolitana de Santiago;El Bosque;25
1738;Ilustre Municipalidad de Villa Alegre;7363;I MUNICIPALIDAD DE VILLA ALEGRE;Región del Maule;Villa Alegre;2
1743;I MUNICIPALIDAD DE LITUECHE;7365;I MUNICIPALIDAD DE LITUECHE;Región del Libertador General Bernardo O´Higgins;Litueche;3
1750;Dirección Nacional del Servicio Civil;7371;DIRECCION NACIONAL DEL SERVICIO CIVIL;Región Metropolitana de Santiago;Santiago;2
1751;Comisión Nacional de Seguridad de Tránsito (CONASE;7007;SUBSECRETARIA DE TRANSPORTES;Región Metropolitana de Santiago;Santiago;1
1756;Mineduc Administración VIII Región;6958;SUBSECRETARIA DEL MINISTERIO DE EDUCACION PUBLICA;Región del Biobío;Concepción;1
1757;Mineduc  Administración X Región;6958;SUBSECRETARIA DEL MINISTERIO DE EDUCACION PUBLICA;Región de los Lagos;Puerto Montt;2
1758;Mineduc Administración XI Región;6958;SUBSECRETARIA DEL MINISTERIO DE EDUCACION PUBLICA;Región Aysén del General Carlos Ibáñez del Campo;Coyhaique;3
1759;Mineduc Administración XII Región;6958;SUBSECRETARIA DEL MINISTERIO DE EDUCACION PUBLICA;Región de Magallanes y de la Antártica;Punta Arenas;1
1770;IX Región - Provincial Cautín;6924;CORP NACIONAL FORESTAL;Región de la Araucanía;Temuco;1
1776;Dirección Regional Aduana de Punta Arenas;6952;SERVICIO NACIONAL DE ADUANAS;Región de Magallanes y de la Antártica;Punta Arenas;3
1777;Dirección Regional Aduana de Talcahuano;6952;SERVICIO NACIONAL DE ADUANAS;Región del Biobío;Talcahuano;3
1787;Administración Aduana de Osorno;6952;SERVICIO NACIONAL DE ADUANAS;Región de los Lagos;Osorno;2
1800;Junaeb Región del Maule;7002;JUNTA NACIONAL DE AUXILIO ESCOLAR Y BECA;Región del Maule;Talca;2
1801;Junaeb Región del Bio Bio;7002;JUNTA NACIONAL DE AUXILIO ESCOLAR Y BECA;Región del Biobío;Concepción;2
1802;Junaeb Región de La Araucania;7002;JUNTA NACIONAL DE AUXILIO ESCOLAR Y BECA;Región de la Araucanía;Temuco;4
1806;Junaeb Región Metropolitana;7002;JUNTA NACIONAL DE AUXILIO ESCOLAR Y BECA;Región Metropolitana de Santiago;Providencia;3
1810;INE -  X Región;6931;INSTITUTO NACIONAL DE ESTADISTICAS;Región de los Lagos;Puerto Montt;1
1853;Sea - II Región;7218;SERVICIO DE EVALUACION AMBIENTAL;Región de Antofagasta;Antofagasta;1
1854;Sea -  IV Región;7218;SERVICIO DE EVALUACION AMBIENTAL;Región de Coquimbo;Andacollo;2
1856;Sea - VIII Región;7218;SERVICIO DE EVALUACION AMBIENTAL;Región del Biobío;Concepción;1
1857;Sea - X Región;7218;SERVICIO DE EVALUACION AMBIENTAL;Región de los Lagos;Puerto Montt;1
1860;X Región - Provincial Chiloé;6924;CORP NACIONAL FORESTAL;Región de los Lagos;Castro;2
1867;DIRECCION GENERAL DE MOVILIZACIONN NACIONAL;7127;DIRECCION GENERAL DE MOVILIZACIONN NACIONAL;Región Metropolitana de Santiago;Santiago Centro;6
1868;Direccion Regional de Antofagasta;7190;SERVICIO NACIONAL DE TURISMO;;;1
1869;Direccion Regional de Coquimbo;7190;SERVICIO NACIONAL DE TURISMO;Región de Coquimbo;La Serena;2
1873;Direccion Regional del Bio Bio;7190;SERVICIO NACIONAL DE TURISMO;Región del Biobío;Concepción;6
1876;Defensoría Nacional;7034;DEFENSORIA PENAL PUBLICA;Región Metropolitana de Santiago;Santiago;8
188;Corporación Municipal de la Florida;7105;CORP MUNICIPAL DE EDUC SALUD CULTURA Y RECREACION DE LA FLORIDA;Región Metropolitana de Santiago;La Florida;8
1881;Defensoría Regional del Maule;7034;DEFENSORIA PENAL PUBLICA;Región del Maule;Talca;1
1882;Defensoría Regional de La Araucanía;7034;DEFENSORIA PENAL PUBLICA;Región de la Araucanía;Temuco;1
1894;Dirección de Vialidad - X Región - Provincia de Osorno;7248;MINISTERIO DE OBRAS PUBLICAS DIREC CION GRAL DE OO PP DCYF;Región de los Lagos;Osorno;1
1898;Direccion Regional de Los Lagos;7190;SERVICIO NACIONAL DE TURISMO;Región de los Lagos;Puerto Montt;1
1906;Dirección Regional IX Región;6960;SERVICIO DE REGISTRO CIVIL E IDENTIFICACION;Región de la Araucanía;Temuco;1
1943;V Región - Oficina Regional  de Valparaiso;6924;CORP NACIONAL FORESTAL;Región de Valparaíso;Viña del Mar;3
1946;DEFENSA CIVIL DE CHILE;7129;DEFENSA CIVIL DE CHILE;Región Metropolitana de Santiago;Santiago;3
1947;Abastecimiento;7045;SERVICIO DE SALUD NORTE HOSPITAL ROBERTO DEL RIO;Región Metropolitana de Santiago;Independencia;17
1950;Hospital Pitrufquén;7048;SERVICIO SALUD ARAUCANIA SUR HOSPITAL PITRUFQUEN;;;27
1951;Hospital Carahue;7131;SERVICIO DE SALUD ARAUCANIA SUR HOSPITAL CARAHUE;Región de la Araucanía;Carahue;9
1952;Hospital Villarrica;7132;Hospital Villarrica;Región de la Araucanía;Villarrica;40
1953;Región de Valparaíso;6925;DIRECCION GENERAL DE GENDARMERIA DE CHIL;Región de Valparaíso;Valparaíso;89
1962;Región de Coquimbo;6925;DIRECCION GENERAL DE GENDARMERIA DE CHIL;Región de Coquimbo;La Serena;28
1965;Región de Magallanes;6925;DIRECCION GENERAL DE GENDARMERIA DE CHIL;Región de Magallanes y de la Antártica;Punta Arenas;15
1968;Región de La Araucanía;6925;DIRECCION GENERAL DE GENDARMERIA DE CHIL;Región de la Araucanía;Temuco;99
1969;Región del Bio Bío;6925;DIRECCION GENERAL DE GENDARMERIA DE CHIL;Región del Biobío;Concepción;45
1970;UNIDAD DE COMPRA OSORNO;7202;DIRECCION GENERAL DE AERONAUTICA CIVIL;Región de los Lagos;Osorno;1
1973;CRS de Peñalolen Cordillera Oriente;7136;CENTRO DE REFERENCIA DE SALUD DE PENALOLEN CORDILLERA ORIENTE;;;7
1978;Servicio de Salud del Maule;7141;SERVICIO DE SALUD DEL MAULE;;;4
1979;Hospital Nueva Imperial;7060;SERVICIO DE SALUD ARAUCANIA SUR HOSPITAL DE NUEVA IMPERIAL;Región de la Araucanía;Nueva Imperial;34
1983;II - Servicio Nacional de Pesca y Acuicultura;7008;SERV NACIONAL DE PESCA;Región de Antofagasta;Antofagasta;1
1986;VIII - Servicio Nacional de Pesca y Acuicultura;7008;SERV NACIONAL DE PESCA;Región del Biobío;Talcahuano;3
1988;XII - Servicio Nacional de Pesca y Acuicultura;7008;SERV NACIONAL DE PESCA;Región de Magallanes y de la Antártica;Punta Arenas;1
1991;Dirección Regional Zona Central;7210;SERVICIO NACIONAL DE GEOLOGIA Y MINERIA;Región de Valparaíso;Quilpué;1
1992;Hospital Toltén;7062;SERVICIO SALUD ARAUCANIA SUR HOSPITAL TOLTEN;Región de la Araucanía;Toltén;2
2000;SEREMI III REGION;6947;SUBSECRETARIA DE SERVICIOS SOCIALES;Región de Atacama;Copiapó;1
2001;SERPLAC V Región;6947;SUBSECRETARIA DE SERVICIOS SOCIALES;Región de Valparaíso;Valparaíso;2
2012;DELEGACIÓN PRESIDENCIAL PROVINCIAL DE PALENA;7252;DELEGACIÓN PRESIDENCIAL PROVINCIAL DE PALENA;Región de los Lagos;Chaitén;1
2013;UNIVERSIDAD ARTURO PRAT SEDE IQUIQUE;7254;UNIVERSIDAD ARTURO PRAT;Región de Tarapacá;Iquique;3
2018;UNIDAD DE COMPRA DASA;7202;DIRECCION GENERAL DE AERONAUTICA CIVIL;;;4
2020;Biblioteca del Congreso Nacional;7265;Biblioteca del Congreso Nacional;Región Metropolitana de Santiago;Santiago Centro;2
2021;Estado Mayor Conjunto;7266;ESTADO MAYOR CONJUNTO;Región Metropolitana de Santiago;Santiago;6
2026;Servicio de Salud Viña del Mar - Quillota;7153;SERVICIO SALUD VINA DEL MAR QUILLOTA;Región de Valparaíso;Viña del Mar;3
2033;Departamento Provincial Concepción;6958;SUBSECRETARIA DEL MINISTERIO DE EDUCACION PUBLICA;Región del Biobío;Concepción;1
2036;Hospital de Loncoche;7156;SERVICIO DE SALUD DE LA ARAUCANIA SUR HOSPITAL LONCOCHE;Región de la Araucanía;Loncoche;6
2042;Ilustre Municipalidad de Tortel;7301;Ilustre Municipalidad de Tortel;Región Aysén del General Carlos Ibáñez del Campo;Tortel;2
2045;Hospital de Curepto;7278;SERVICIO DE SALUD DEL MAULE HOSPITAL DE CUREPTO;Región del Maule;Curepto;1
2046;Adquisiciones;7280;SERVICIO DE SALUD DEL MAULE HOSPITAL DE MOLINA;;;4
2047;DELEGACIÓN PRESIDENCIAL PROVINCIAL DE LINARES;7282;DELEGACIÓN PRESIDENCIAL PROVINCIAL DE LINARES;Región del Maule;Linares;3
2048;Hospital de Ancud;16223;SERVICIO DE SALUD CHILOE;Región de los Lagos;Ancud;20
2049;UNIDAD DE COMPRA CALAMA;7202;DIRECCION GENERAL DE AERONAUTICA CIVIL;Región de Antofagasta;Calama;6
2057;Universidad Arturo Prat Sede Victoria;7254;UNIVERSIDAD ARTURO PRAT;Región de la Araucanía;Victoria;8
2059;HOSPITAL DE PUERTO OCTAY;7287;SERVICIO NACIONAL DE SALUD HOSPITAL DE PUERTO OCTAY;Región de los Lagos;Puerto Octay;4
2063;Departamento Provincial de Educación Colchagua;6958;SUBSECRETARIA DEL MINISTERIO DE EDUCACION PUBLICA;Región del Libertador General Bernardo O´Higgins;San Fernando;3
2065;Hospital Puerto Saavedra;7307;SERV SALUD ARAUC SUR HOSP DR ARTURO HILLERNS LARRANAGA DE PTO SAAVEDRA;Región de la Araucanía;Puerto Saavedra;5
2066;Hospital Galvarino;7290;Hospital Galvarino;Región de la Araucanía;Galvarino;5
2067;Hospital de Cunco;7291;SERVICIO SALUD ARAUCANIA SUR HOSPIT DR EDUARDO GONZALEZ GALENO CUNCO;;;9
2069;HOSPITAL BARROS LUCO TRUDEAU;7293;SERVICIO DE SALUD METROPOLITANO SUR HOSP;Región Metropolitana de Santiago;San Miguel;118
2078;Seremi de Salud VIII región;7079;SUBSECRETARIA DE SALUD PUBLICA;Región del Biobío;Concepción;6
2080;Hospital Regional Rancagua - HRR;7374;SERVICIO DE SALUD DEL LIBERTADOR B O'HIGGINS HOSPITAL REG RANCAGUA;Región del Libertador General Bernardo O´Higgins;Rancagua;73
2085;Hospital Traiguén;7384;SERVICIO DE SALUD ARAUCANIA HOSPITAL DE TRAIGUEN;Región de la Araucanía;Traiguén;9
2090;UNIDAD DE COMPRA PASAJES;7202;DIRECCION GENERAL DE AERONAUTICA CIVIL;Región Metropolitana de Santiago;Ñuñoa;36
2093;SII DR13 Dirección Regional Santiago Centro;7113;SERVICIO DE IMPUESTOS INTERNOS DIRECCION;Región Metropolitana de Santiago;Santiago Centro;1
2098;Hospital Curanilahue;7399;SERVICIO NACIONAL DE SALUD HOSPITAL DE C;Región del Biobío;Curanilahue;8
2099;Seremi de Salud de XII Región;7079;SUBSECRETARIA DE SALUD PUBLICA;Región de Magallanes y de la Antártica;Punta Arenas;2
2101;Hospital Cañete;7401;HOSPITAL INTERCULTURAL KALLVU LLANKA.-;Región del Biobío;Cañete;17
2102;Hospital Lebu;7402;SERVICIO NACIONAL DE SALUD HOSPITAL DE LEBU;Región del Biobío;Lebu;6
2103;Hospital  Lonquimay;7403;Hospital  Lonquimay;;;3
2107;Hospital de Santa Cruz;7314;SERVICIO DE SALUD HOSPITAL DE SANTA CRUZ;;;9
2109;Abastecimiento y Farmacia;7456;SERVICIO DE SALUD OCCIDENTE INSTITUTO TRAUMATOLOGICO DE SANTIAGO;Región Metropolitana de Santiago;Santiago Centro;15
2111;Hospital de Urgencia Asistencia Pública;7460;HOSPITAL DE URGENCIA ASISTENCIA PUBLICA DR ALEJANDRO DEL RIO;;;114
2115;Departamento de Abastecimiento;7317;CENTRO DE REFERENCIA DE SALUD DE MAIPU;Región Metropolitana de Santiago;Maipú;7
2122;Seremi de Salud II Región;7079;SUBSECRETARIA DE SALUD PUBLICA;Región de Antofagasta;Antofagasta;1
2123;Seremi de Salud V Región;7079;SUBSECRETARIA DE SALUD PUBLICA;Región de Valparaíso;Valparaíso;6
2125;Hospital de Illapel;7468;SERVICIO DE SALUD COQUIMBO HOSPITAL DR. HUMBERTO ELORZA CORTES;Región de Coquimbo;Illapel;8
2128;Hospital Ovalle;7417;SERVICIO DE SALUD COQUIMBO HOSPITAL DE O;Región de Coquimbo;Ovalle;1
2132;Seremi de Salud VII Región;7079;SUBSECRETARIA DE SALUD PUBLICA;Región del Maule;Talca;3
2136;HOSPITAL DE FRUTILLAR;7104;SERVICIO SALUD DEL RELONCAVI;Región de los Lagos;Frutillar;1
2137;Hospital de Achao;16223;SERVICIO DE SALUD CHILOE;Región de los Lagos;Quinchao;5
2139;HOSPITAL DE PALENA;7104;SERVICIO SALUD DEL RELONCAVI;Región de los Lagos;Palena;2
2140;SALUD HOSPITAL FUTALEUFU;7104;SERVICIO SALUD DEL RELONCAVI;Región de los Lagos;Futaleufú;3
2145;Hospital Los Vilos;7471;SERVICIO DE SALUD COQUIMBO HOSPITAL DE LOS VILOS;Región de Coquimbo;Los Vilos;4
2146;Hosp. Andacollo;7472;SERVICIO DE SALUD COQUIMBO HOSPITAL DE ANDACOLLO;Región de Coquimbo;Andacollo;9
2147;Hospital Combarbalá;7330;SERVICIO DE SALUD COQUIMBO HOSPITAL COMB;Región de Coquimbo;Combarbalá;2
2151;Hospital Puerto Cisnes;7476;SERVICIO NAC DE SALUD HOSPITAL DE PTO CISNES;Región Aysén del General Carlos Ibáñez del Campo;Cisnes;6
2153;Hospital Sanatorio San José de Maipo;7477;Hospital Sanatorio San José de Maipo;Región Metropolitana de Santiago;San José de Maipo;5
2155;SII DR05 Dirección Regional  Valparaíso;7113;SERVICIO DE IMPUESTOS INTERNOS DIRECCION;Región de Valparaíso;Valparaíso;2
2170;Abastecimiento Hospital Limache;7486;HOSPITAL DE LA FAMILIA Y LA COMUNIDAD SANTO TOMAS DE LIMACHE;Región de Valparaíso;Limache;4
2171;Hospital La Ligua;7487;HOSPITAL SAN AGUSTIN DE LA LIGUA;Región de Valparaíso;La Ligua;4
2173;Corp. Adm. del Poder Judicial - Santiago;7342;CORP ADMINISTRATIVA DEL PODER JUDICIAL;Región Metropolitana de Santiago;Santiago Centro;1
2174;Corp. Adm. del Poder Judicial - Iquique;7342;CORP ADMINISTRATIVA DEL PODER JUDICIAL;Región de Tarapacá;Iquique;2
2175;Corp. Adm. del Poder Judicial - Copiapó;7342;CORP ADMINISTRATIVA DEL PODER JUDICIAL;Región de Atacama;Copiapó;1
2176;Corp. Adm. del Poder Judicial -  Valparaiso;7342;CORP ADMINISTRATIVA DEL PODER JUDICIAL;Región de Valparaíso;Valparaíso;2
2178;Corp. Adm. del Poder Judicial - Concepción;7342;CORP ADMINISTRATIVA DEL PODER JUDICIAL;Región del Biobío;Concepción;27
2179;Corp. Adm. del Poder Judicial - Temuco;7342;CORP ADMINISTRATIVA DEL PODER JUDICIAL;Región de la Araucanía;Temuco;6
218;Ilustre Municipalidad de San Joaquin;7135;I MUNICIPALIDAD SAN JOAQUIN;Región Metropolitana de Santiago;San Joaquín;1
2180;Corp. Adm. del Poder Judicial - Valdivia;7342;CORP ADMINISTRATIVA DEL PODER JUDICIAL;Región de Los Ríos;Valdivia;3
2181;Corp. Adm. del Poder Judicial - Puerto Montt;7342;CORP ADMINISTRATIVA DEL PODER JUDICIAL;Región de los Lagos;Puerto Montt;7
2182;Corp. Adm. del Poder Judicial - Coyhaique;7342;CORP ADMINISTRATIVA DEL PODER JUDICIAL;Región Aysén del General Carlos Ibáñez del Campo;Coyhaique;5
2183;Corp. Adm. del Poder Judicial - Punta Arenas;7342;CORP ADMINISTRATIVA DEL PODER JUDICIAL;Región de Magallanes y de la Antártica;Punta Arenas;9
2186;Hospital Geriátrico Paz de la Tarde;7490;HOSPITAL GERIATRICO LA PAZ DE LA TARDE;Región de Valparaíso;Limache;4
2188;Hospital Coinco;7421;SERVICIO DE SALUD HOSPITAL COINCO;Región del Libertador General Bernardo O´Higgins;Coinco;7
2199;INSTITUTO NACIONAL DE GERIATRIA PRESIDENTE EDO FRE;7430;INSTITUTO NACIONAL DE GERIATRIA PRESIDENTE EDO FREI MONTALVA;Región Metropolitana de Santiago;Santiago;11
2200;Servicio de Salud Aconcagua;7431;SERVICIO DE SALUD ACONCAGUA;Región de Valparaíso;San Felipe;2
2201;Instituto Nac. de Rehabilitación Pedro Aguirre C.;7432;INSTITUTO NACIONAL DE REHABILITACION PEDRO AGUIRRE CERDA;Región Metropolitana de Santiago;Peñalolén;13
2202;SERVICIO SALUD ARAUCANIA NORTE HOSPITAL CURACAUTIN;7433;SERVICIO SALUD ARAUCANIA NORTE HOSPITAL CURACAUTIN;Región de la Araucanía;Curacautín;2
2205;Hospital Pichidegua;7435;SERVICIO DE SALUD HOSPITAL DE PICHIDEGUA;Región del Libertador General Bernardo O´Higgins;Pichidegua;4
2207;Hospital Pichilemu;7436;SERVICIO DE SALUD HOSPITAL DE PICHILEMU;Región del Libertador General Bernardo O´Higgins;Pichilemu;5
2211;MUNICIPALIDAD LIMACHE - Adquisiciones;7492;I MUNICIPALIDAD DE LIMACHE;Región de Valparaíso;Limache;3
2215;Hospital Carlos Cisternas de Calama;7494;SERVICIO DE SALUD ANTOFAGASTA HOSP C CIS;Región de Antofagasta;Calama;24
2216;MOP Dirección General de Concesiones;7353;MOP Dirección General de Concesiones;Región Metropolitana de Santiago;Santiago Centro;24
2221;DELEGACIÓN PRESIDENCIAL PROVINCIAL DE SAN FELIPE;7495;DELEGACIÓN PRESIDENCIAL PROVINCIAL DE SAN FELIPE DE ACONCAGUA;Región de Valparaíso;San Felipe;3
2230;Defensoría Regional del Bio Bio;7034;DEFENSORIA PENAL PUBLICA;Región del Biobío;Concepción;1
2258;Abastecimiento Principal;7451;SERVICIO DE SALUD ANTOFAGASTA HOSPITAL L;Región de Antofagasta;Antofagasta;81
2263;Dirección de Vialidad - IX Región - Provincia de Malleco;7248;MINISTERIO DE OBRAS PUBLICAS DIREC CION GRAL DE OO PP DCYF;Región de la Araucanía;Angol;2
2270;Seremi de Salud I Región;7079;SUBSECRETARIA DE SALUD PUBLICA;Región de Tarapacá;Iquique;1
2272;UNIDAD DE COMPRA SUBDIRECCION DE INSPECCION DE AYUDA A LA AERONAVEGACION;7202;DIRECCION GENERAL DE AERONAUTICA CIVIL;Región Metropolitana de Santiago;Pudahuel;1
2273;DEPARTAMENTO ADQUISICIONES MUNICIPAL;83825;I MUNICIPALIDAD DE LA PINTANA;Región Metropolitana de Santiago;La Pintana;8
2274;DEPARTAMENTO ADQUISICIONES SALUD;83825;I MUNICIPALIDAD DE LA PINTANA;Región Metropolitana de Santiago;La Pintana;3
2279;IMUNI_PUDAHUEL ADQUISICIONES;84149;MUNICIPALIDAD DE PUDAHUEL;Región Metropolitana de Santiago;Pudahuel;4
2281;UNIDAD ADQUISICIONES MUNICIPAL VALDIVIA;84152;I MUNICIPALIDAD VALDIVIA;Región de Los Ríos;Valdivia;5
2282;SECRETARIA PLANIFICACION MUNICIPAL;84152;I MUNICIPALIDAD VALDIVIA;Región de Los Ríos;Valdivia;2
2284;DPTO. DE SALUD MUNICIPAL DE VALDIVIA;84152;I MUNICIPALIDAD VALDIVIA;Región de Los Ríos;Valdivia;4
2287;ILUSTRE MUNICIPALIDAD DE MACUL;84300;ILUSTRE MUNICIPALIDAD DE MACUL;Región Metropolitana de Santiago;Macul;1
2288;ILUSTRE MUNICIPALIDAD DE CANELA;84473;I MUNICIPALIDAD DE CANELA;Región de Coquimbo;Canela;1
2289;MUNICIPALIDAD DE FRUTILLAR;84478;I MUNICIPALIDAD DE FRUTILLAR;Región de los Lagos;Frutillar;3
2291;ADQUISICIONES MUNICIPAL;84480;I MUNICIPALIDAD DE TALCA;Región del Maule;Talca;7
2292;DIR. COMUNAL DE SALUD;84480;I MUNICIPALIDAD DE TALCA;Región del Maule;Talca;20
2294;DEPT. EDUCACION COMUNAL;84480;I MUNICIPALIDAD DE TALCA;Región del Maule;Talca;17
2297;IMUNI_OSORNO DIRECCION DE ADM Y FINANZAS;84959;I MUNICIPALIDAD DE OSORNO;Región de los Lagos;Osorno;13
2306;IMUNI_OSORNO DEPTO EDUCACION;84959;I MUNICIPALIDAD DE OSORNO;Región de los Lagos;Osorno;6
2307;IMUNI_OSORNO DEPTO  SALUD;84959;I MUNICIPALIDAD DE OSORNO;Región de los Lagos;Osorno;1
2310;Dirección Comunal De Educación;84961;ILUSTRE MUNICIPALIDAD DE MOLINA ;Región del Maule;Molina;2
2311;Dirección Comunal de Salud;84961;ILUSTRE MUNICIPALIDAD DE MOLINA ;Región del Maule;Molina;6
2318;IMUNI_SAN JAVIER DEPTO. ADQUISICIONES;86407;I MUNICIPALIDAD DE SAN JAVIER;Región del Maule;San Javier;5
2320;ADQUISICIONES SALUD MUNICIPAL;86407;I MUNICIPALIDAD DE SAN JAVIER;Región del Maule;San Javier;2
2322;I MUNICIPALIDAD DE VALLENAR;86491;I MUNICIPALIDAD DE VALLENAR;Región de Atacama;Vallenar;7
2324;Departamento de Licitaciones y gestión de Abastecimiento ;86507;I MUNICIPALIDAD DE PUERTO MONTT;Región de los Lagos;Puerto Montt;34
2328;Unidad de Adquisiciones Dirección de Educación;86507;I MUNICIPALIDAD DE PUERTO MONTT;;;32
2332;Oficina de Adquisiciones del Departamento de Salud;86507;I MUNICIPALIDAD DE PUERTO MONTT;Región de los Lagos;Puerto Montt;7
2333;ILUSTRE MUNICIPALIDAD DE LINARES;86545;I MUNICIPALIDAD DE LINARES;Región del Maule;Linares;4
2335;ADQUISICIONES SALUD;86545;I MUNICIPALIDAD DE LINARES;Región del Maule;Linares;9
2341;OFICINA DE ADQUISICIONES;86548;I MUNICIPALIDAD DE SAN BERNARDO;Región Metropolitana de Santiago;San Bernardo;2
2343;DEPARTAMENTO DE COMPRAS;86568;I MUNICIPALIDAD DE SANTIAGO;Región Metropolitana de Santiago;Santiago;18
2345;I MUNICIPALIDAD DE LAS CONDES;86571;I MUNICIPALIDAD DE LAS CONDES;Región Metropolitana de Santiago;Las Condes;3
2348;Dirección de Administración y Finanzas;86580;I MUNICIPALIDAD DE PUNTA ARENAS;Región de Magallanes y de la Antártica;Punta Arenas;1
2354;Dirección de Desarrollo Comunitario;86580;I MUNICIPALIDAD DE PUNTA ARENAS;Región de Magallanes y de la Antártica;Punta Arenas;1
2358;DEPARTAMENTO DE FINANZAS;86586;I MUNICIPALIDAD DE TALCAHUANO;Región del Biobío;Talcahuano;2
2359;DEPTO.  ADMINISTRATIVO;86586;I MUNICIPALIDAD DE TALCAHUANO;Región del Biobío;Talcahuano;2
2360;DISAM;86586;I MUNICIPALIDAD DE TALCAHUANO;Región del Biobío;Talcahuano;9
2374;ADQUISICIONES CEMENTERIO;7325;I MUNICIPALIDAD DE RECOLETA;Región Metropolitana de Santiago;Recoleta;2
2376;DPTO. ADQUISICIONES;86764;I MUNICIPALIDAD DE NUNOA;;;1
2378;SECRETARIA DE PLANIFICACION;86766;I MUNICIPALIDAD DE LA FLORIDA;Región Metropolitana de Santiago;La Florida;2
2380;DEPARTAMENTO DE ABASTECIMIENTO;86872;I MUNICIPALIDAD DE COPIAPO;Región de Atacama;Copiapó;5
2381;DEPARTAMENTO DE ADQUISICIONES DASM;86872;I MUNICIPALIDAD DE COPIAPO;Región de Atacama;Copiapó;16
2384;SECPLAC;86917;I MUNICIPALIDAD DE CALAMA;Región de Antofagasta;Calama;1
2385;ADQUISICIONES;86917;I MUNICIPALIDAD DE CALAMA;Región de Antofagasta;Calama;17
2387;Municipalidad de Pucon;86943;I MUNICIPALIDAD DE PUCON;Región de la Araucanía;Pucón;7
2388;DAEM;86943;I MUNICIPALIDAD DE PUCON;Región de la Araucanía;Pucón;1
2389;Departamento de Salud;86943;I MUNICIPALIDAD DE PUCON;Región de la Araucanía;Pucón;2
2393;DEPARTAMENTO DE ADQUISICIONES;87104;I MUNICIPALIDAD PEDRO AGUIRRE CERDA;Región Metropolitana de Santiago;Pedro Aguirre Cerda;1
2395;DIRECCION DE SALUD;87104;I MUNICIPALIDAD PEDRO AGUIRRE CERDA;Región Metropolitana de Santiago;Pedro Aguirre Cerda;7
2401;SECCION ADQUISICIONES;87167;I MUNICIPALIDAD DE RANCAGUA;Región del Libertador General Bernardo O´Higgins;Rancagua;2
2403;I.MUNICIPALIDAD DE PEÑALOLEN;87172;I MUNICIPALIDAD DE PENALOLEN;Región Metropolitana de Santiago;Peñalolén;2
2404;IMUNI_IQUIQUE ADQUISICIONES;87175;I MUNICIPALIDAD DE IQUIQUE;Región de Tarapacá;Iquique;9
2408;IMUNI_LOSANGELES ADQUISICIONES;87187;I MUNICIPALIDAD DE LOS ANGELES;Región del Biobío;Los Angeles;5
2409;MUNICIPALIDAD DE LOS ANGELES - EDUCACION;87187;I MUNICIPALIDAD DE LOS ANGELES;Región del Biobío;Los Angeles;1
2410;MUNICIPALIDAD DE LOS ANGELES - SALUD;87187;I MUNICIPALIDAD DE LOS ANGELES;Región del Biobío;Los Angeles;9
2412;IMUNI_LOPRADO ADQUISICIONES;87373;I MUNICIPALIDAD DE LO PRADO;Región Metropolitana de Santiago;Lo Prado;4
2415;IMUNI_CONCEPCION ADQUISICIONES;87382;I MUNICIPALIDAD DE CONCEPCION;Región del Biobío;Concepción;5
2416;DIDECO MUNICIPALIDAD DE CONCEPCION;87382;I MUNICIPALIDAD DE CONCEPCION;Región del Biobío;Concepción;4
2418;INFORMATICA MUNICIPALIDAD DE CONCEPCION;87382;I MUNICIPALIDAD DE CONCEPCION;Región del Biobío;Concepción;2
2421;DIRECCION DE SALUD MUNICIPAL DE CONCEPCION;87382;I MUNICIPALIDAD DE CONCEPCION;Región del Biobío;Concepción;8
2422;I MUNICIPALIDAD DE PUENTE ALTO;87388;I MUNICIPALIDAD DE PUENTE ALTO;Región Metropolitana de Santiago;Puente Alto;10
2424;I MUNICIPALIDAD DE VINA DEL MAR;87399;I MUNICIPALIDAD DE VINA DEL MAR;;;8
2427;ABASTECIMIENTO;87402;I MUNICIPALIDAD DE VALPARAISO;Región de Valparaíso;Valparaíso;5
2428;I. MUNICIPALIDAD DE QUILPUE;87633;I. MUNICIPALIDAD DE QUILPUE;Región de Valparaíso;Quilpué;8
2429;I MUNICIPALIDAD DE ANTOFAGASTA - FINANZAS;87653;I MUNICIPALIDAD DE ANTOFAGASTA;Región de Antofagasta;Antofagasta;5
2432;IMUNI_ESTCENTRAL ADQUISICIONES;87824;I MUNICIPALIDAD ESTACION CENTRAL;;;1
2436;IMUNI_CURICOADQUISICIONES;87838;I MUNICIPALIDAD DE CURICO;;;5
2440;Municipalidad de Curicó - Educación - Adquisiciones;87838;I MUNICIPALIDAD DE CURICO;Región del Maule;Curicó;4
2445;Salud - Adquisiciones;87838;I MUNICIPALIDAD DE CURICO;Región del Maule;Curicó;23
2446;IMUNI_COQUIMBO;87901;I MUNICIPALIDAD DE COQUIMBO;Región de Coquimbo;Coquimbo;9
2448;Departamento de Salud;87901;I MUNICIPALIDAD DE COQUIMBO;Región de Coquimbo;Coquimbo;9
2450;DEPARTAMENTO DE ADQUISICIONES;87976;ILUSTRE MUNICIPALIDAD DE LA SERENA;Región de Coquimbo;La Serena;9
2452;DIRECCION DE SALUD;86568;I MUNICIPALIDAD DE SANTIAGO;Región Metropolitana de Santiago;Santiago;3
2453;ILUSTRE MUNICIPALIDAD DE QUINTA NORMAL;88075;ILUSTRE MUNICIPALIDAD DE QUINTA NORMAL;Región Metropolitana de Santiago;Quinta Normal;2
2455;SECRETARIA COMUNAL DE PLANIFICACIÓN;88075;ILUSTRE MUNICIPALIDAD DE QUINTA NORMAL;Región Metropolitana de Santiago;Quinta Normal;3
2458;Dirección de Aseo Ornato y Mantencion;88102;I MUNICIPALIDAD DE PROVIDENCIA;Región Metropolitana de Santiago;Providencia;2
2460;Dirección de Administración y Finanzas;88102;I MUNICIPALIDAD DE PROVIDENCIA;Región Metropolitana de Santiago;Providencia;1
2462;Dirección de Desarrollo Comunitario;88102;I MUNICIPALIDAD DE PROVIDENCIA;Región Metropolitana de Santiago;Providencia;1
2464;IMUNI_QUILLOTA ADQUISICIONES;88203;I MUNICIPALIDAD DE QUILLOTA;Región de Valparaíso;Quillota;2
2467;IMUNI_CHILLAN ADQUISICIONES;88254;I MUNICIPALIDAD DE CHILLAN;Región del Ñuble;Chillán;1
2483;DEPARTAMENTO COMPRAS PÚBLICAS;88313;I MUNICIPALIDAD DE QUILICURA;Región Metropolitana de Santiago;Quilicura;2
2493;DIRECCION DE TRANSITO;7071;I MUNICIPALIDAD DE COYHAIQUE;Región Aysén del General Carlos Ibáñez del Campo;Coyhaique;2
2495;DIRECCION DESARROLLO COMUNITARIO;7071;I MUNICIPALIDAD DE COYHAIQUE;Región Aysén del General Carlos Ibáñez del Campo;Coyhaique;3
2500;ADMINISTRACIÓN Y FINANZAS;7071;I MUNICIPALIDAD DE COYHAIQUE;Región Aysén del General Carlos Ibáñez del Campo;Coyhaique;4
2502;ILUSTRE MUNICIPALIDAD DE RIO CLARO;89591;I MUNICIPALIDAD DE RIO CLARO;Región del Maule;Río Claro;3
2504;DIRECCION DE ADMINISTRACION EDUCACIONAL MUNICIPAL;89591;I MUNICIPALIDAD DE RIO CLARO;Región del Maule;Río Claro;3
2505;DIRECCION DE SALUD MUNICIPAL;89591;I MUNICIPALIDAD DE RIO CLARO;Región del Maule;Río Claro;2
2513;V Región  -  Provincial Petorca;6924;CORP NACIONAL FORESTAL;Región de Valparaíso;La Ligua;1
2546;MUNICIPALIDAD DE PADRE LAS CASAS;90886;I MUNICIPALIDAD DE PADRE LAS CASAS;Región de la Araucanía;Padre Las Casas;3
2548;MUNICIPALIDAD DE PADRE LAS CASAS  SALUD;90886;I MUNICIPALIDAD DE PADRE LAS CASAS;Región de la Araucanía;Padre Las Casas;2
2552;IV Región - Provincial Choapa;6924;CORP NACIONAL FORESTAL;Región de Coquimbo;Illapel;2
2555;IV Región - Oficina Regional de Coquimbo;6924;CORP NACIONAL FORESTAL;Región de Coquimbo;Coquimbo;1
2561;Escuela de Gendarmería;6925;DIRECCION GENERAL DE GENDARMERIA DE CHIL;Región Metropolitana de Santiago;Alhué;42
2564;ADQUISICIONES;92414;I MUNICIPALIDAD DE CHEPICA;Región del Libertador General Bernardo O´Higgins;Chépica;2
2565;DEPTO. DE SALUD;92414;I MUNICIPALIDAD DE CHEPICA;Región Metropolitana de Santiago;Santiago Centro;2
2566;DEPTO. DE EDUCACION;92414;I MUNICIPALIDAD DE CHEPICA;Región Metropolitana de Santiago;Santiago;3
2568;VI Region - U.G. Manejo Del Fuego;6924;CORP NACIONAL FORESTAL;Región del Libertador General Bernardo O´Higgins;Machalí;1
2580;Superintendencia de Pensiones;93096;SUPERINTENDENCIA DE PENSIONES;Región Metropolitana de Santiago;Santiago;5
2581;Secretaría de Planificación Comunal;84958;I MUNICIPALIDAD DE CONCHALI;Región Metropolitana de Santiago;Conchalí;1
2583;I. MUNI  MAIPU  DEPARTAMENTO DE ADQUISICIONES;93619;I MUNICIPALIDAD DE MAIPU;Región Metropolitana de Santiago;Maipú;7
2585;FINANZAS IMA;86624;I MUNICIPALIDAD DE ARICA;Región de Arica y Parinacota;Arica;2
2591;IMUNI_POZOALMONTE  ADQUISICIONES;94315;ILUSTRE MUNICIPALIDAD DE POZO ALMONTE;Región de Tarapacá;Pozo Almonte;3
2594;I.MUNICIPALIDAD DE CONCON;94458;I MUNICIPALIDAD DE CONCON;Región de Valparaíso;Concón;2
2595;I MUNICIPALIDAD DE PARRAL;94459;I MUNICIPALIDAD DE PARRAL;Región del Maule;Parral;7
2598;DEPARTAMENTO DE SALUD;94458;I MUNICIPALIDAD DE CONCON;Región de Valparaíso;Concón;2
2605;Cementerio_Antofagasta;87653;I MUNICIPALIDAD DE ANTOFAGASTA;Región de Antofagasta;Antofagasta;1
2609;Departamento Provincial de Educación Copiapo-Chañaral;6958;SUBSECRETARIA DEL MINISTERIO DE EDUCACION PUBLICA;Región de Atacama;Copiapó;2
2624;Direccion Regional de Tarapaca;7190;SERVICIO NACIONAL DE TURISMO;Región de Tarapacá;Iquique;1
2626;OFICINA DE ADQUISICIONES;98280;I MUNICIPALIDAD DE PUTAENDO;Región de Valparaíso;Putaendo;1
2628;DEPARTAMENTO DE SALUD ;98280;I MUNICIPALIDAD DE PUTAENDO;Región de Valparaíso;Putaendo;1
2656;Dirección de Administración y Finanzas;98443;I MUNICIPALIDAD DE TOME;Región del Biobío;Tomé;3
2658;Municipalidad de Ancud;98452;I MUNICIPALIDAD DE ANCUD;Región de los Lagos;Ancud;1
2660;Secretaria Comunal de Planificaciòn;98452;I MUNICIPALIDAD DE ANCUD;Región de los Lagos;Ancud;1
2663;DEPARTAMENTO ADMINISTRACION Y FINANZAS;98448;ILUSTRE MUNICIPALIDAD DE NATALES;Región de Magallanes y de la Antártica;Puerto Natales;4
2664;Dirección de Salud Municipal;98443;I MUNICIPALIDAD DE TOME;Región del Biobío;Tomé;4
2665;Dirección de Educación Municipal;98443;I MUNICIPALIDAD DE TOME;Región del Biobío;Tomé;9
2674;ILUSTRE MUNICIPALIDAD DE MELIPILLA;98901;ILUSTRE MUNICIPALIDAD DE MELIPILLA;Región Metropolitana de Santiago;Melipilla;9
2675;I MUNICIPALIDAD DE MOSTAZAL;99101;I MUNICIPALIDAD DE MOSTAZAL;Región del Libertador General Bernardo O´Higgins;Mostazal;6
2676;DEPARTAMENTO DE ADQUISICIONES;99105;I MUNICIPALIDAD DE INDEPENDENCIA;Región Metropolitana de Santiago;Independencia;2
2677;Departamento de Salud;99101;I MUNICIPALIDAD DE MOSTAZAL;;;6
2678;Departamento de Educación;99101;I MUNICIPALIDAD DE MOSTAZAL;Región del Libertador General Bernardo O´Higgins;Mostazal;3
2680;DEPARTAMENTO DE EDUCACION;99105;I MUNICIPALIDAD DE INDEPENDENCIA;Región Metropolitana de Santiago;Independencia;3
2682;DEPARTAMENTO DE SALUD;99105;I MUNICIPALIDAD DE INDEPENDENCIA;Región Metropolitana de Santiago;Independencia;6
2686;SECPLAN;99322;I MUNICIPALIDAD DE COLINA;Región Metropolitana de Santiago;Colina;2
2688;MUNICIPALIDAD DE ALGARROBO-SALUD;7294;I MUNICIPALIDAD DE ALGARROBO;Región de Valparaíso;Algarrobo;3
2698;MUNICIPALIDAD DE CARTAGENA-ADQUISICIONES;99569;I MUNICIPALIDAD DE CARTAGENA;Región de Valparaíso;Cartagena;10
2701;I MUNICIPALIDAD DE TALAGANTE;99765;I MUNICIPALIDAD DE TALAGANTE;Región Metropolitana de Santiago;Talagante;2
2703;Dirección de Salud;99765;I MUNICIPALIDAD DE TALAGANTE;Región Metropolitana de Santiago;Talagante;13
2704;Universidad del Bío-Bío - Campus Concepción;99805;UNIVERSIDAD DEL BIO BIO;Región del Biobío;Concepción;21
2705;Universidad del Bío-Bío - Campus Chillán;99805;UNIVERSIDAD DEL BIO BIO;Región del Ñuble;Chillán;3
2710;Depto. de Salud e Higiene Ambiental;99860;MUNICIPALIDAD DE OVALLE;Región de Coquimbo;Ovalle;6
2711;Municipalidad de Ovalle - Educación;99860;MUNICIPALIDAD DE OVALLE;;;4
2713;I.MUNICIPALIDAD AYSEN-ADQUISICIONES;100049;I MUNICIPALIDAD DE AYSEN;Región Aysén del General Carlos Ibáñez del Campo;Aysén;3
272;SEREMI XI Región;7189;SUBSECRETARIA DEL MINISTERIO DE AGRICULT;Región Aysén del General Carlos Ibáñez del Campo;Coyhaique;1
2723;MUNICIPALIDAD DE BUIN_ SECPLA;100090;I MUNICIPALIDAD DE BUIN;Región Metropolitana de Santiago;Buin;4
2724; COMPRAS Y CONTRATACIONES MUNICIPALES;100107;ILUSTRE MUNICIPALIDAD DE SAN CARLOS;Región del Ñuble;San Carlos;2
2727;COMPRAS Y CONTRATACIONES DE SALUD;100107;ILUSTRE MUNICIPALIDAD DE SAN CARLOS;Región del Ñuble;San Carlos;8
2728;COMPRAS Y CONTRATACIONES DEL CEMENTERIO;100107;ILUSTRE MUNICIPALIDAD DE SAN CARLOS;Región del Ñuble;San Carlos;1
2730;ILUSTRE MUNICIPALIDAD DE CASTRO;100127;I MUNICIPALIDAD DE CASTRO;Región de los Lagos;Castro;11
2731;DEPARTAMENTO DE ADQUISICIONES MUNICIPALES.-;100137;MUNICIPALIDAD DE PEÑAFLOR;Región Metropolitana de Santiago;Peñaflor;3
2733;DEPARTAMENTO DE EDUCACIÓN;100137;MUNICIPALIDAD DE PEÑAFLOR;Región Metropolitana de Santiago;Peñaflor;2
2734;DEPARTAMENTO DE SALUD;100137;MUNICIPALIDAD DE PEÑAFLOR;Región Metropolitana de Santiago;Peñaflor;5
2735;Municipalidad de lo Barnechea - Adquisiciones - Consistorial;100155;I MUNICIPALIDAD LO BARNECHEA;Región Metropolitana de Santiago;Lo Barnechea;20
2736;MUNICIPAL;100156;I MUNICIPALIDAD DE ANGOL;Región de la Araucanía;Angol;2
2737;ADQUISICIONES MUNISANFE;100158;I MUNICIPALIDAD DE SAN FELIPE;Región de Valparaíso;San Felipe;4
2744;SALUD;100156;I MUNICIPALIDAD DE ANGOL;Región de la Araucanía;Angol;6
2745;EDUCACION;100156;I MUNICIPALIDAD DE ANGOL;Región de la Araucanía;Angol;1
2756;DEM;100318;I MUNICIPALIDAD DE SAN ANTONIO;Región de Valparaíso;San Antonio;2
2757;Salud;100318;I MUNICIPALIDAD DE SAN ANTONIO;Región de Valparaíso;San Antonio;1
2759;DEPTO. ADQUISICIONES MUNICIPIO;100448;I MUNICIPALIDAD DE CORONEL;;;5
2762;DEPARTAMENTO ADMINISTRACION SALUD MUNICIPAL;100448;I MUNICIPALIDAD DE CORONEL;Región del Biobío;Coronel;4
2765;MUNICIPAL;100488;I MUNICIPALIDAD DE LA CISTERNA;Región Metropolitana de Santiago;La Cisterna;4
2766;SALUD;100488;I MUNICIPALIDAD DE LA CISTERNA;Región Metropolitana de Santiago;La Cisterna;6
2770;I MUNICIPALIDAD DE MAIPU;93619;I MUNICIPALIDAD DE MAIPU;Región Metropolitana de Santiago;Maipú;2
2771;MUNICIPALIDAD DE CHIGUAYANTE;100523;I MUNICIPALIDAD DE CHIGUAYANTE;Región del Biobío;Chiguayante;3
2773;DIRECCION DE ADMINISTRACION DE SALUD;100523;I MUNICIPALIDAD DE CHIGUAYANTE;Región del Biobío;Chiguayante;7
2776;ADQUISICION MUNICIPAL;100555;I MUNICIPALIDAD DE RENGO;Región del Libertador General Bernardo O´Higgins;Rengo;7
2778;ADQUISICION MUNI-EDUCACION;100555;I MUNICIPALIDAD DE RENGO;Región del Libertador General Bernardo O´Higgins;Rengo;8
2780;DEPARTAMENTO DE SALUD MUNICIPAL;100648;I MUNICIPALIDAD DE LA LIGUA;Región de Valparaíso;La Ligua;4
2783;Direccion de Administracion y Finanzas;100648;I MUNICIPALIDAD DE LA LIGUA;Región de Valparaíso;La Ligua;2
2785;I MUNICIPALIDAD DE SAN PEDRO DE LA PAZ;100704;I MUNICIPALIDAD DE SAN PEDRO DE LA PAZ;;;3
2788;DEPARTAMENTO DE ADQUISICIONES;100728;I MUNICIPALIDAD DE PAINE;;;8
2789;DEPARTAMENTO DE EDUCACION MUNICIPAL;100728;I MUNICIPALIDAD DE PAINE;Región Metropolitana de Santiago;Paine;5
2790;DEPARTAMENTO DE SALUD MUNICIPAL;100728;I MUNICIPALIDAD DE PAINE;Región Metropolitana de Santiago;Paine;8
2792;Departamento de Salud Municipal;100739;Municipalidad de Huechuraba;Región Metropolitana de Santiago;Huechuraba;5
2793;Municipalidad de Huechuraba;100739;Municipalidad de Huechuraba;Región Metropolitana de Santiago;Huechuraba;6
2799;Administracion Municipal;101002;MUNICIPALIDAD DE LOS ANDES;Región de Valparaíso;Los Andes;7
2803;Departamento de Salud Municipal;101002;MUNICIPALIDAD DE LOS ANDES;Región de Valparaíso;Los Andes;1
2817;I MUNICIPALIDAD DE SAN FERNANDO;7482;I MUNICIPALIDAD DE SAN FERNANDO;Región del Libertador General Bernardo O´Higgins;San Fernando;1
2827;MUNICIPAL;102316;I MUNICIPALIDAD DE CONSTITUCION;;;2
2832;DEPARTAMENTO DE SALUD;88203;I MUNICIPALIDAD DE QUILLOTA;Región de Valparaíso;Quillota;6
2852;Adquisiciones Municipalidad;102868;I MUNICIPALIDAD DE PUERTO VARAS;;;11
2859;SECCIÓN ABASTECIMIENTO;103916;UNIVERSIDAD DE ATACAMA;Región de Atacama;Copiapó;3
2863;IMUNICIPALIDAD DE PUERTO OCTAY DEPTO. SALUD;104899;I MUNICIPALIDAD PUERTO OCTAY;Región de los Lagos;Puerto Octay;2
2885;DIRECCION DE ADMINISTRACION Y FINANZAS;105334;I MUNICIPALIDAD DE PUYEHUE;Región de los Lagos;Puyehue;1
2886;DEPARTAMENTO EDUCACION MUNICIPAL;105334;I MUNICIPALIDAD DE PUYEHUE;Región de los Lagos;Puyehue;2
2887;DEPARTAMENTO DE SALUD;105334;I MUNICIPALIDAD DE PUYEHUE;Región de los Lagos;Puyehue;2
2888;U.Bío-Bío-Campus Concepción-Bienes y Servicios;99805;UNIVERSIDAD DEL BIO BIO;;;15
29;Comando Logístico;6946;FUERZA AEREA DE CHILE COMANDO LOGISTICO;Región Metropolitana de Santiago;Cerrillos;1
2902;DEPARTAMENTO EDUCACION;106170;I MUNICIPALIDAD DE HUALAIHUE;Región de los Lagos;Hualaihué;1
2904;DEPARTAMENTO DE ADMINISTRACION;106170;I MUNICIPALIDAD DE HUALAIHUE;Región de los Lagos;Hualaihué;1
2908;Departamento de Salud;106876;I MUNICIPALIDAD DE LANCO;Región de Los Ríos;Lanco;4
2909;Departamento de Educación;106880;I MUNICIPALIDAD DE FUTRONO;Región de Los Ríos;Futrono;1
2910;Departamento de Salud;106880;I MUNICIPALIDAD DE FUTRONO;Región de Los Ríos;Futrono;1
2916;Unidad Operativa Control de Tránsito;7007;SUBSECRETARIA DE TRANSPORTES;Región Metropolitana de Santiago;Providencia;1
2917;Salud;7367;I MUNICIPALIDAD DE RIO NEGRO;Región de los Lagos;Río Negro;3
2920;I MUNICIPALIDAD DE JUAN FERNANDEZ;108932;I MUNICIPALIDAD DE JUAN FERNANDEZ;Región de Valparaíso;Juan Fernández;1
2923;I MUNICIPALIDAD DE CHANARAL;109196;I MUNICIPALIDAD DE CHANARAL;Región de Atacama;Chañaral;2
2927;ADQUISICIONES;110102;Ilustre Municipalidad De Quellón;Región de los Lagos;Quellón;3
2929;DAF;110393;I MUNICIPALIDAD DE PALENA;Región de los Lagos;Palena;1
2935;DPTO EDUCACION;111124;I MUNICIPALIDAD DE ALHUE;Región Metropolitana de Santiago;Alhué;1
2941;Finanzas;111960;I MUNICIPALIDAD DE SAN PABLO;Región de los Lagos;San Pablo;4
2942;Salud;111960;I MUNICIPALIDAD DE SAN PABLO;Región de los Lagos;San Pablo;1
2945;DIRECCION DE ABASTECIMIENTO DE LA ARMADA;111875;DIRECCION DE ABASTECIMIENTO DE LA ARMADA;Región de Valparaíso;Valparaíso;14
2948;COMANDANCIA EN JEFE DE LA IVa ZONA NAVAL;111875;DIRECCION DE ABASTECIMIENTO DE LA ARMADA;Región de Tarapacá;Iquique;7
2950;"ESCUELA NAVAL ""ARTURO PRAT""";111875;DIRECCION DE ABASTECIMIENTO DE LA ARMADA;Región de Valparaíso;Valparaíso;10
2958;COMANDANCIA GENERAL DEL CUERPO I.M.;111875;DIRECCION DE ABASTECIMIENTO DE LA ARMADA;;;2
2961;Adquisicion Municipal;112097;I MUNICIPALIDAD DE LA GRANJA;Región Metropolitana de Santiago;La Granja;4
2963;SECPLA;112097;I MUNICIPALIDAD DE LA GRANJA;Región Metropolitana de Santiago;La Granja;1
2974;División de Bienestar Social;6946;FUERZA AEREA DE CHILE COMANDO LOGISTICO;Región Metropolitana de Santiago;El Bosque;1
2981;DEPARTAMENTO ADMINISTRATIVO;111880;POLICIA DE INVESTIGACIONES DE CHILE;Región Metropolitana de Santiago;Santiago Centro;3
2986;Unidad de Salud;7159;I MUNICIPALIDAD DE LOS LAGOS;Región de Los Ríos;Los Lagos;6
2989;Municipalidad de Los Muermos-Depto. Salud;7304;I MUNICIPALIDAD DE LOS MUERMOS;Región de los Lagos;Los Muermos;3
299;I.N.D. REGION XIV;7216;INSTITUTO NACIONAL DE DEPORTES DE CHILE;Región de Los Ríos;Valdivia;2
2992;I MUNICIPALIDAD DE MONTEPATRIA;112924;I MUNICIPALIDAD DE MONTEPATRIA;Región de Coquimbo;Monte Patria;3
2996;Salud;112924;I MUNICIPALIDAD DE MONTEPATRIA;Región de Coquimbo;Monte Patria;2
2997;Secpla;112924;I MUNICIPALIDAD DE MONTEPATRIA;Región de Coquimbo;Monte Patria;1
3000;Dirección  Adm. y  Finanzas;112924;I MUNICIPALIDAD DE MONTEPATRIA;Región de Coquimbo;Monte Patria;1
3013;Adquisiciones;113252;ILUSTRE MUNICIPALIDAD DE RETIRO;Región del Maule;Retiro;2
3017;Departamento de Adquisiciones;113259;I MUNICIPALIDAD DE LOTA;Región del Biobío;Lota;1
3019;Departamento de Salud;113259;I MUNICIPALIDAD DE LOTA;Región del Biobío;Lota;2
3030;Dpto. de Salud;113252;ILUSTRE MUNICIPALIDAD DE RETIRO;Región del Maule;Retiro;1
3038;DEPARTAMENTO DE EDUCACION;113258;I MUNICIPALIDAD DE LOLOL;Región del Libertador General Bernardo O´Higgins;Lolol;1
3046;IIIª Brigada Aérea;6946;FUERZA AEREA DE CHILE COMANDO LOGISTICO;Región de los Lagos;Puerto Montt;7
3047;ACADEMIA POLITECNICA NAVAL;111875;DIRECCION DE ABASTECIMIENTO DE LA ARMADA;Región de Valparaíso;Viña del Mar;18
3048;CENTRO TELECOMUNICACIONES NAVALES ANTOFAGASTA;111875;DIRECCION DE ABASTECIMIENTO DE LA ARMADA;Región de Antofagasta;Antofagasta;2
3057;CONTRALORIA DE LA ARMADA;111875;DIRECCION DE ABASTECIMIENTO DE LA ARMADA;Región de Valparaíso;Valparaíso;1
3061;COMANDANCIA BASE NAVAL IQUIQUE;111875;DIRECCION DE ABASTECIMIENTO DE LA ARMADA;Región de Tarapacá;Iquique;6
3065;COMANDANCIA AVIACION NAVAL;111875;DIRECCION DE ABASTECIMIENTO DE LA ARMADA;Región de Valparaíso;Concón;15
3066;COMANDO OPERACIONES NAVALES;111875;DIRECCION DE ABASTECIMIENTO DE LA ARMADA;Región de Valparaíso;Valparaíso;6
3067;AP AQUILES;111875;DIRECCION DE ABASTECIMIENTO DE LA ARMADA;Región de Valparaíso;Valparaíso;1
3069;ACADEMIA DE GUERRA NAVAL;111875;DIRECCION DE ABASTECIMIENTO DE LA ARMADA;Región de Valparaíso;Viña del Mar;3
3073;SERVICIO HIDROGRAFICO Y OCEANOGRAFICO;111875;DIRECCION DE ABASTECIMIENTO DE LA ARMADA;Región de Valparaíso;Valparaíso;2
3076;CENTRO DE ABASTECIMIENTO (T) (ADQ);111875;DIRECCION DE ABASTECIMIENTO DE LA ARMADA;Región del Biobío;Talcahuano;1
3081;Depto. Adquisiciones;113614;I MUNICIPALIDAD DE CASABLANCA;Región de Valparaíso;Casablanca;2
3082;Dpto. Administraciòn y Finanzas;113618;I MUNICIPALIDAD DE PANQUEHUE;;;2
3084;Dirección de Telecomunicaciones e Informática de la Armada;111875;DIRECCION DE ABASTECIMIENTO DE LA ARMADA;;;4
3085;DEPTO. DE BIENESTAR SOCIAL (T);111875;DIRECCION DE ABASTECIMIENTO DE LA ARMADA;Región del Biobío;Talcahuano;16
3087;Dpto. Salud;113618;I MUNICIPALIDAD DE PANQUEHUE;;;1
3089;DELEGACION DE BIENESTAR SOCIAL (S);111875;DIRECCION DE ABASTECIMIENTO DE LA ARMADA;Región Metropolitana de Santiago;Santiago;1
3090;CENTRAL ODONTOLOGICA IIA. ZONA NAVAL;111875;DIRECCION DE ABASTECIMIENTO DE LA ARMADA;Región del Biobío;Talcahuano;5
3091;Depto.de Educación ;113614;I MUNICIPALIDAD DE CASABLANCA;Región de Valparaíso;Casablanca;2
3100;DESTACAMENTO IM N° 1 LYNCH;111875;DIRECCION DE ABASTECIMIENTO DE LA ARMADA;Región de Tarapacá;Iquique;7
3108;DIRECCION DE PROG., INVESTIGACION Y DESARROLLO DE LA ARMADA;111875;DIRECCION DE ABASTECIMIENTO DE LA ARMADA;Región de Valparaíso;Valparaíso;6
3109;DIRECCION GENERAL DEL PERSONAL DE LA ARMADA;111875;DIRECCION DE ABASTECIMIENTO DE LA ARMADA;Región de Valparaíso;Viña del Mar;5
3110;DIRECCION DE BIENESTAR SOCIAL DE LA ARMADA;111875;DIRECCION DE ABASTECIMIENTO DE LA ARMADA;Región de Valparaíso;Viña del Mar;1
3113;DIRECCION DE RECUPERACION DE UNIDADES DE LA ARMADA;111875;DIRECCION DE ABASTECIMIENTO DE LA ARMADA;Región del Biobío;Talcahuano;4
3117;DEPTO. DE BIENESTAR SOCIAL (V);111875;DIRECCION DE ABASTECIMIENTO DE LA ARMADA;Región de Valparaíso;Valparaíso;6
3121;DIRECCION DE RECUPERACION DE UNIDADES (V);111875;DIRECCION DE ABASTECIMIENTO DE LA ARMADA;Región de Valparaíso;Valparaíso;5
3122;CENTRO DE ABASTECIMIENTO (V) DEPTO. AB.;111875;DIRECCION DE ABASTECIMIENTO DE LA ARMADA;Región de Valparaíso;Valparaíso;6
3124;DIRECCION DE ABASTECIMIENTO DEPTO. ABASTECIMIENTO;111875;DIRECCION DE ABASTECIMIENTO DE LA ARMADA;Región de Valparaíso;Valparaíso;2
3129;DIRECCION DE INTELIGENCIA DE LA ARMADA;111875;DIRECCION DE ABASTECIMIENTO DE LA ARMADA;Región de Valparaíso;Valparaíso;5
3130;HOSPITAL DE LAS FF.AA. CIRUJANO GUZMAN;111875;DIRECCION DE ABASTECIMIENTO DE LA ARMADA;Región de Magallanes y de la Antártica;Punta Arenas;6
3131;ESTACION NAVAL METROPOLITANA;111875;DIRECCION DE ABASTECIMIENTO DE LA ARMADA;Región Metropolitana de Santiago;Quinta Normal;2
3132;DIRECCION DE SEGURIDAD Y OPERACIONES MARITIMAS;111875;DIRECCION DE ABASTECIMIENTO DE LA ARMADA;Región de Valparaíso;Valparaíso;2
3134;DIRECCION GENERAL DEL TERRITORIO MARITIMO Y M.M.;111875;DIRECCION DE ABASTECIMIENTO DE LA ARMADA;Región de Valparaíso;Valparaíso;1
3138;DIRECCION DE INGENIERIA DE SISTEMAS NAVALES;111875;DIRECCION DE ABASTECIMIENTO DE LA ARMADA;Región de Valparaíso;Valparaíso;1
3140;Departamento De Salud;113735;I MUNICIPALIDAD DE LAGO RANCO;Región de Los Ríos;Lago Ranco;4
3145;Ala Base N°4;6946;FUERZA AEREA DE CHILE COMANDO LOGISTICO;Región de Tarapacá;Iquique;20
3146;Departamento Salud;113738;I MUNICIPALIDAD DE MARIA ELENA;Región de Antofagasta;María Elena;1
3152;Dirección de Salud;113852;ILUSTRE MUNICIPALIDAD DE MACHALI;Región del Libertador General Bernardo O´Higgins;Machalí;6
3153;Departamento Adquisiciones;113853;I MUNICIPALIDAD DE COLLIPULLI;Región de la Araucanía;Collipulli;3
3154;DISTRITO NAVAL BEAGLE;111875;DIRECCION DE ABASTECIMIENTO DE LA ARMADA;Región de Magallanes y de la Antártica;Cabo de Hornos;4
3155;COMANDANCIA EN JEFE DE LA ESCUADRA;111875;DIRECCION DE ABASTECIMIENTO DE LA ARMADA;Región de Valparaíso;Valparaíso;20
3156;ESCUELA DE GRUMETES;111875;DIRECCION DE ABASTECIMIENTO DE LA ARMADA;;;4
3157;DIRECCION DE SANIDAD DE LA ARMADA;111875;DIRECCION DE ABASTECIMIENTO DE LA ARMADA;Región de Valparaíso;Viña del Mar;3
3159;DEPTO. DE BIENESTAR SOCIAL (I);111875;DIRECCION DE ABASTECIMIENTO DE LA ARMADA;Región de Tarapacá;Iquique;3
316;ADQUISICIONES;7233;I MUNICIPALIDAD DE VILLA ALEMANA;Región de Valparaíso;Villa Alemana;1
3160;DIRECCION GENERAL DE LOS SERVICIOS DE LA ARMADA (AB);111875;DIRECCION DE ABASTECIMIENTO DE LA ARMADA;Región de Valparaíso;Valparaíso;2
3171;GOBERNACION MARITIMA DE AYSEN;111875;DIRECCION DE ABASTECIMIENTO DE LA ARMADA;Región Aysén del General Carlos Ibáñez del Campo;Aysén;4
3172;Depto.Cuarteles L.1;113812;DIRECCION DE LOGISTICA DE CARABINEROS;Región Metropolitana de Santiago;Santiago Centro;2
3175;GOBERNACION MARITIMA DE CALDERA;111875;DIRECCION DE ABASTECIMIENTO DE LA ARMADA;;;1
3178;HOSPITAL NAVAL ALMIRANTE ADRIAZOLA;111875;DIRECCION DE ABASTECIMIENTO DE LA ARMADA;Región del Biobío;Talcahuano;12
3179;Depto.Adquis y Abast.L2;113812;DIRECCION DE LOGISTICA DE CARABINEROS;Región Metropolitana de Santiago;Macul;7
318;Corporación de Asistencia Judicial de la V Región ;7235;CORP DE ASISTENCIA JUDICIAL DE LA REGION DE VALPARAISO;Región de Valparaíso;Valparaíso;3
3182;GOBERNACION MARITIMA DE COQUIMBO;111875;DIRECCION DE ABASTECIMIENTO DE LA ARMADA;Región de Coquimbo;Coquimbo;4
3184;GOBERNACION MARITIMA DE HANGA ROA;111875;DIRECCION DE ABASTECIMIENTO DE LA ARMADA;Región de Valparaíso;Isla De Pascua;1
3185;GOBERNACION MARITIMA DE ARICA;111875;DIRECCION DE ABASTECIMIENTO DE LA ARMADA;Región de Arica y Parinacota;Arica;2
3186;HOSPITAL NAVAL PUERTO WILLIAMS;111875;DIRECCION DE ABASTECIMIENTO DE LA ARMADA;Región de Magallanes y de la Antártica;Cabo de Hornos;1
3187;GOBERNACION MARITIMA DE PUNTA ARENAS;111875;DIRECCION DE ABASTECIMIENTO DE LA ARMADA;Región de Magallanes y de la Antártica;Punta Arenas;6
3190;GOBERNACION MARITIMA DE SAN ANTONIO;111875;DIRECCION DE ABASTECIMIENTO DE LA ARMADA;;;3
3191;HOSPITAL NAVAL ALMIRANTE NEF;111875;DIRECCION DE ABASTECIMIENTO DE LA ARMADA;Región de Valparaíso;Viña del Mar;12
3193;GOBERNACION MARITIMA DE TALCAHUANO;111875;DIRECCION DE ABASTECIMIENTO DE LA ARMADA;Región del Biobío;Talcahuano;4
3196;GOBERNACION MARITIMA DE VALDIVIA;111875;DIRECCION DE ABASTECIMIENTO DE LA ARMADA;Región de Los Ríos;Valdivia;3
3197;GOBERNACION MARITIMA DE PUERTO WILLIAMS;111875;DIRECCION DE ABASTECIMIENTO DE LA ARMADA;Región de Magallanes y de la Antártica;Cabo de Hornos;2
3200;Departamento de Salud;113851;I MUNICIPALIDAD DE LONCOCHE;Región de la Araucanía;Loncoche;4
3201;Departamento de Educación;113851;I MUNICIPALIDAD DE LONCOCHE;Región de la Araucanía;Loncoche;1
3202;GOBERNACION MARITIMA DE CASTRO;111875;DIRECCION DE ABASTECIMIENTO DE LA ARMADA;Región de los Lagos;Castro;8
3206;Departamento Municipal;113913;I MUNICIPALIDAD DE SAN RAFAEL;Región del Maule;San Rafael;3
3208;GOBERNACION MARITIMA DE IQUIQUE;111875;DIRECCION DE ABASTECIMIENTO DE LA ARMADA;Región de Tarapacá;Iquique;4
3209;Departamento Educación;113913;I MUNICIPALIDAD DE SAN RAFAEL;Región del Maule;San Rafael;4
3212;Departamento de Educación;113853;I MUNICIPALIDAD DE COLLIPULLI;Región de la Araucanía;Collipulli;1
3217;INSIGNIA COMANDANCIA EN JEFE DE LA Ia ZONA NAVAL;111875;DIRECCION DE ABASTECIMIENTO DE LA ARMADA;Región de Valparaíso;Valparaíso;1
3223;COMANDANCIA EN JEFE DE LA ARMADA;111875;DIRECCION DE ABASTECIMIENTO DE LA ARMADA;Región de Valparaíso;Valparaíso;2
3228;SERVICIO DE OBRAS Y CONSTRUCCIONES DE LA ARMADA;111875;DIRECCION DE ABASTECIMIENTO DE LA ARMADA;Región de Valparaíso;Valparaíso;5
3229;COMANDANCIA EN JEFE DE LA IIIa ZONA NAVAL;111875;DIRECCION DE ABASTECIMIENTO DE LA ARMADA;Región de Magallanes y de la Antártica;Punta Arenas;2
3232;I MUNICIPALIDAD DE SANTO DOMINGO;113981;I MUNICIPALIDAD DE SANTO DOMINGO;Región de Valparaíso;Santo Domingo;4
3235;POLICLINICO MEDICO DENTAL IQUIQUE;111875;DIRECCION DE ABASTECIMIENTO DE LA ARMADA;Región de Tarapacá;Iquique;10
324;Administración y Finanzas - Abastecimiento;7241;I MUNICIPALIDAD DE CERRILLOS;Región Metropolitana de Santiago;Cerrillos;3
3241;DEPTO. DE BIENESTAR SOCIAL (M);111875;DIRECCION DE ABASTECIMIENTO DE LA ARMADA;Región de Magallanes y de la Antártica;Punta Arenas;4
3244;Departamento de Educación;113981;I MUNICIPALIDAD DE SANTO DOMINGO;Región de Valparaíso;Santo Domingo;4
3245;Departamento de Salud;113981;I MUNICIPALIDAD DE SANTO DOMINGO;Región de Valparaíso;Santo Domingo;1
3250;GOBERNACION MARITIMA DE PUERTO MONTT;111875;DIRECCION DE ABASTECIMIENTO DE LA ARMADA;Región de los Lagos;Puerto Montt;9
3251;Departamento de Salud;113978;I MUNICIPALIDAD DE PELLUHUE;;;4
3253;Secretaría de  Planificación;113978;I MUNICIPALIDAD DE PELLUHUE;Región del Maule;Pelluhue;1
3260;Departamento de Salud;114075;I MUNICIPALIDAD DE RIO HURTADO;Región de Coquimbo;Río Hurtado;3
3265;Direccion de  Administracion y Finanzas;114075;I MUNICIPALIDAD DE RIO HURTADO;Región de Coquimbo;Río Hurtado;1
3268;IVª Brigada Aérea;6946;FUERZA AEREA DE CHILE COMANDO LOGISTICO;Región de Magallanes y de la Antártica;Punta Arenas;34
3269;Servicio Aerofotogramétrico;6946;FUERZA AEREA DE CHILE COMANDO LOGISTICO;;;4
3270;Academia de Guerra Aérea;6946;FUERZA AEREA DE CHILE COMANDO LOGISTICO;Región Metropolitana de Santiago;Las Condes;2
3275;LOGISTICA VALPARAISO;111880;POLICIA DE INVESTIGACIONES DE CHILE;Región Metropolitana de Santiago;Santiago;1
3280;GOBERNACION MARITIMA DE VALPARAISO;111875;DIRECCION DE ABASTECIMIENTO DE LA ARMADA;Región de Valparaíso;Valparaíso;2
3285;DIRECCIÓN DE ADMINISTRACIÓN Y FINANZAS;114393;I MUNICIPALIDAD DE CURACO DE VELEZ;Región de los Lagos;Curaco de Vélez;1
3287;Departamento de Finanzas;114398;I MUNICIPALIDAD DE LICANTEN;Región del Maule;Licantén;3
3288;DIRECCION GENERAL DEL PERSONAL (REMUNERACIONES);111875;DIRECCION DE ABASTECIMIENTO DE LA ARMADA;Región de Valparaíso;Valparaíso;16
3290;LOGISTICA  TEMUCO;111880;POLICIA DE INVESTIGACIONES DE CHILE;Región de la Araucanía;Temuco;2
3299;Departamento Educación;114398;I MUNICIPALIDAD DE LICANTEN;Región del Maule;Licantén;2
3300;Deparatamento Salud;114398;I MUNICIPALIDAD DE LICANTEN;Región del Maule;Licantén;1
3309;Departamento Comunal de Salud ;114395;I MUNICIPALIDAD DE TUCAPEL;Región del Biobío;Tucapel;3
3311;LOGISTICA TALCA;111880;POLICIA DE INVESTIGACIONES DE CHILE;Región del Maule;Talca;1
3316;Escuela de Suboficiales de Carabineros;113812;DIRECCION DE LOGISTICA DE CARABINEROS;Región Metropolitana de Santiago;Macul;32
3319;LOGISTICA  CONCEPCION;111880;POLICIA DE INVESTIGACIONES DE CHILE;Región del Biobío;Concepción;1
3320;Dpto. de Abastto. del Cuartel General;6946;FUERZA AEREA DE CHILE COMANDO LOGISTICO;Región Metropolitana de Santiago;Cerrillos;1
3323;Academia de Ciencias Policiales de Carabineros;113812;DIRECCION DE LOGISTICA DE CARABINEROS;Región Metropolitana de Santiago;Ñuñoa;19
3325;LOGISTICA COYHAIQUE;111880;POLICIA DE INVESTIGACIONES DE CHILE;Región Aysén del General Carlos Ibáñez del Campo;Coyhaique;1
3326;Depto.Transportes L.3;113812;DIRECCION DE LOGISTICA DE CARABINEROS;Región Metropolitana de Santiago;Santiago;3
3328;"Hospital Clinico "" General Dr. Raúl Yazigi J.""";6946;FUERZA AEREA DE CHILE COMANDO LOGISTICO;Región Metropolitana de Santiago;Las Condes;42
3330;ALABARCA;98462;I MUNICIPALIDAD DE VITACURA;Región Metropolitana de Santiago;Vitacura;1
3333;Departamento Finanzas-Adquisiones;114724;I MUNICIPALIDAD DE OLMUE;Región de Valparaíso;Olmué;1
3334;Ilustre Municipalidad de La Unión;114725;I MUNICIPALIDAD DE LA UNION;Región de Los Ríos;La Unión;1
3335;Departamento de Educación;114725;I MUNICIPALIDAD DE LA UNION;Región de Los Ríos;La Unión;6
3337;División de Salud  - DIVSAL;111870;DIVISION LOGISTICA DEL EJERCITO;Región Metropolitana de Santiago;Santiago;7
3340;Brigada Motorizada Nº 24 Huamachuco BRIMOT N° 24;111870;DIVISION LOGISTICA DEL EJERCITO;Región de Arica y Parinacota;Putre;2
3347;Comandancia en Jefe del Ejército - CJE;111870;DIVISION LOGISTICA DEL EJERCITO;Región Metropolitana de Santiago;Santiago;3
3349;2da Brigada Acorazada Cazadores - 2DA BRIACO;111870;DIVISION LOGISTICA DEL EJERCITO;Región de Tarapacá;Pozo Almonte;9
3352;Escuela de Caballería Blindada - ESC CBL;111870;DIVISION LOGISTICA DEL EJERCITO;Región de Tarapacá;Iquique;6
3355;Destacamento Montaña Nº 17 Los Ángeles-DESMÑA N°17;111870;DIVISION LOGISTICA DEL EJERCITO;Región del Biobío;Los Angeles;9
3363;División de Bienestar - Cuartel General;111870;DIVISION LOGISTICA DEL EJERCITO;Región Metropolitana de Santiago;Santiago;8
3365;Regimiento Nº 6 Chacabuco -R N° 6;111870;DIVISION LOGISTICA DEL EJERCITO;Región del Biobío;Concepción;2
3366;Cuartel General V División de Ejército - CGVDE;111870;DIVISION LOGISTICA DEL EJERCITO;Región de Magallanes y de la Antártica;Punta Arenas;1
3367;"Regimiento Logístico N° 5 ""Magallanes";111870;DIVISION LOGISTICA DEL EJERCITO;Región de Magallanes y de la Antártica;Punta Arenas;2
3370;"Regimiento de Inteligencia del Ejercito N 1 ""Soberania""";111870;DIVISION LOGISTICA DEL EJERCITO;Región Metropolitana de Santiago;Providencia;1
3373;Escuela de Paracaidistas y Fuerzas Especiales - ESCPARACFFEE;111870;DIVISION LOGISTICA DEL EJERCITO;Región Metropolitana de Santiago;Colina;2
3374;"Regimiento N° 19 ""Colchagua""";111870;DIVISION LOGISTICA DEL EJERCITO;Región del Libertador General Bernardo O´Higgins;San Fernando;3
3376;DIVLOG - Comando DIVLOG;111870;DIVISION LOGISTICA DEL EJERCITO;Región Metropolitana de Santiago;Estación Central;2
3378;Hospital Militar de Santiago- HMS;111870;DIVISION LOGISTICA DEL EJERCITO;Región Metropolitana de Santiago;La Reina;26
3381;Regimiento Escolta Presidencial N° 1 Granaderos;111870;DIVISION LOGISTICA DEL EJERCITO;Región de Valparaíso;Quillota;7
3382;Centro Clínico Militar Concepción- CCM Concepción;111870;DIVISION LOGISTICA DEL EJERCITO;Región del Biobío;Concepción;2
3383;Central Odontológica del Ejército -  COE;111870;DIVISION LOGISTICA DEL EJERCITO;Región Metropolitana de Santiago;Santiago;2
3385;Escuela de Artillería - ESCART;111870;DIVISION LOGISTICA DEL EJERCITO;Región del Maule;Linares;12
3387;Regimiento Logístico del Ejército Nº1 Bellavista - RLE Nº1;111870;DIVISION LOGISTICA DEL EJERCITO;Región Metropolitana de Santiago;Conchalí;1
3390;Brigada Motorizada Nº 4 Rancagua - BRIMOT N 4;111870;DIVISION LOGISTICA DEL EJERCITO;Región de Arica y Parinacota;Arica;3
3391;Hospital Militar del Norte - HMN;111870;DIVISION LOGISTICA DEL EJERCITO;Región de Antofagasta;Antofagasta;7
3399;Regimiento N° 16 Talca - R Nº16;111870;DIVISION LOGISTICA DEL EJERCITO;Región del Maule;Talca;9
3407;Regimiento N° 10 Pudeto - R N° 10;111870;DIVISION LOGISTICA DEL EJERCITO;Región de Magallanes y de la Antártica;Punta Arenas;1
3409;Destacamento Motorizado Nº 11 Caupolicán;111870;DIVISION LOGISTICA DEL EJERCITO;Región de Magallanes y de la Antártica;Porvenir;5
3412;Destacamento Acorazado Nº 5 Lanceros - DESACO 5;111870;DIVISION LOGISTICA DEL EJERCITO;Región de Magallanes y de la Antártica;Puerto Natales;3
3415;Escuela de los Servicios - ESCSERV;111870;DIVISION LOGISTICA DEL EJERCITO;Región Metropolitana de Santiago;La Reina;4
3416;Escuela Militar -ESCMIL;111870;DIVISION LOGISTICA DEL EJERCITO;Región Metropolitana de Santiago;Las Condes;17
3421;Regimiento de Policía Militar Nº1 Santiago;111870;DIVISION LOGISTICA DEL EJERCITO;Región Metropolitana de Santiago;Peñalolén;4
3428;"Destacamento de Montaña N° 8 ""Tucapel"" DESMÑA N° 8";111870;DIVISION LOGISTICA DEL EJERCITO;Región de la Araucanía;Temuco;11
3431;Regimiento N° 8 Chiloé - R Nº 8;111870;DIVISION LOGISTICA DEL EJERCITO;Región Aysén del General Carlos Ibáñez del Campo;Aysén;4
3434;Escuela de Formación Grupo Temuco;113812;DIRECCION DE LOGISTICA DE CARABINEROS;Región de la Araucanía;Temuco;4
3436;Escuela de Suboficiales  - ESCSOF;111870;DIVISION LOGISTICA DEL EJERCITO;Región Metropolitana de Santiago;Maipú;21
3438;Escuela de Infantería - ESCINF;111870;DIVISION LOGISTICA DEL EJERCITO;Región Metropolitana de Santiago;San Bernardo;4
3439;Depto.Fomento Equino L4;113812;DIRECCION DE LOGISTICA DE CARABINEROS;Región Metropolitana de Santiago;Santiago;2
3442;Administración y Finanzas;114914;I MUNICIPALIDAD DE VICHUQUEN;Región del Maule;Vichuquén;1
3443;Dirección de Administración y Finanzas;114916;I MUNICIPALIDAD DE PURRANQUE;Región de los Lagos;Purranque;1
3444;Regimiento Logístico del Ejército Nº2 Arsenales de Guerra;111870;DIVISION LOGISTICA DEL EJERCITO;Región Metropolitana de Santiago;Colina;2
3446;Escuela de Montaña - ESCMÑA;111870;DIVISION LOGISTICA DEL EJERCITO;Región de Valparaíso;Los Andes;4
3447;Direccion de Administracion y Finanzas;114923;MUNICIPALIDAD DE ALTO HOSPICIO;Región de Tarapacá;Alto Hospicio;13
3449;EDUCACION;114925;I MUNICIPALIDAD DE COBQUECURA;Región del Ñuble;Cobquecura;1
3450;Escuela de Telecomunicaciones - ESCTEL;111870;DIVISION LOGISTICA DEL EJERCITO;Región Metropolitana de Santiago;Peñalolén;1
3453;Escuela de Formación de Carabineros;113812;DIRECCION DE LOGISTICA DE CARABINEROS;Región Metropolitana de Santiago;Cerrillos;25
3455;"Regimiento de Infantería N° 1 ""Buín""";111870;DIVISION LOGISTICA DEL EJERCITO;Región Metropolitana de Santiago;Recoleta;5
3459;1ra Brigada Acorazada Coraceros - 1RA BRIACO;111870;DIVISION LOGISTICA DEL EJERCITO;Región de Arica y Parinacota;Arica;11
3460;"Regimiento Logístico N° 3 ""Victoria""";111870;DIVISION LOGISTICA DEL EJERCITO;Región de la Araucanía;Victoria;7
3469;DEPTO. DE FINANZAS;7501;I MUNICIPALIDAD DE CHANCO;Región del Maule;Chanco;3
3471;Hospital de Carabineros;113812;DIRECCION DE LOGISTICA DE CARABINEROS;Región Metropolitana de Santiago;Ñuñoa;9
3474;Escuela de Carabineros;113812;DIRECCION DE LOGISTICA DE CARABINEROS;Región Metropolitana de Santiago;Ñuñoa;23
3477; Area Municipal;115009;I MUNICIPALIDAD DE VILCUN;Región de la Araucanía;Vilcún;3
3478;I MUNICIPALIDAD DE QUINTA DE TILCOCO;115010;I MUNICIPALIDAD DE QUINTA DE TILCOCO;;;1
3479;Municipalidad De Calbuco;115011;I MUNICIPALIDAD DE CALBUCO;Región de los Lagos;Calbuco;8
3480;Destacamento Montaña Nº 9 Arauco - DESMÑA N° 9;111870;DIVISION LOGISTICA DEL EJERCITO;Región de los Lagos;Osorno;3
3481;"Regimiento N° 12 ""Sangra""";111870;DIVISION LOGISTICA DEL EJERCITO;Región de los Lagos;Puerto Varas;2
3482;"Regimiento N° 9 ""Chillán""";111870;DIVISION LOGISTICA DEL EJERCITO;Región del Ñuble;Chillán;3
3483;"Regimiento Logístico N° 6 ""Pisagua""";111870;DIVISION LOGISTICA DEL EJERCITO;Región de Arica y Parinacota;Arica;8
3485;Unidad De Adquisiciones;114924;I MUNICIPALIDAD DE NUEVA IMPERIAL;Región de la Araucanía;Nueva Imperial;2
3486;Departamento De Salud;114924;I MUNICIPALIDAD DE NUEVA IMPERIAL;Región de la Araucanía;Nueva Imperial;3
3494;Departamento Educación;115009;I MUNICIPALIDAD DE VILCUN;;;2
3495;Departamento Salud;115009;I MUNICIPALIDAD DE VILCUN;Región de la Araucanía;Vilcún;3
3496;SALUD;114925;I MUNICIPALIDAD DE COBQUECURA;Región del Ñuble;Cobquecura;1
3497;ADQUISICIONES;114925;I MUNICIPALIDAD DE COBQUECURA;Región del Ñuble;Cobquecura;3
3500;Educación;115010;I MUNICIPALIDAD DE QUINTA DE TILCOCO;Región del Libertador General Bernardo O´Higgins;Quinta de Tilcoco;1
3501;Departamento de Salud;115010;I MUNICIPALIDAD DE QUINTA DE TILCOCO;Región del Libertador General Bernardo O´Higgins;Quinta de Tilcoco;2
3502;MUNICIPALIDAD DE TRAIGUEN;115163;MUNICIPALIDAD DE TRAIGUEN;Región de la Araucanía;Traiguén;2
3504;Adquisiciones;115165;I MUNICIPALIDAD DE DALCAHUE;Región de los Lagos;Dalcahue;1
3505;MUNICIPALIDAD DE PENCAHUE;115166;I MUNICIPALIDAD DE PENCAHUE;Región del Maule;Pencahue;1
3506;UNIDAD DE ADQUISICIONES;115167;I MUNICIPALIDAD DE TOCOPILLA;Región de Antofagasta;Antofagasta;4
3507;Departamento de Salud;115011;I MUNICIPALIDAD DE CALBUCO;Región de los Lagos;Calbuco;2
3509;DEPARTAMENTO DE SALUD MUNICIPAL;115164;I MUNICIPALIDAD DE ILLAPEL;;;3
3510;Departamento de Educacion;115011;I MUNICIPALIDAD DE CALBUCO;Región de los Lagos;Calbuco;9
3511;DEPARTAMENTO DE EDUCACION MUNICIPAL;115164;I MUNICIPALIDAD DE ILLAPEL;Región de Coquimbo;Illapel;1
3512;DEPARTAMENTO DE  FINANZAS MUNICIPAL;115164;I MUNICIPALIDAD DE ILLAPEL;Región de Coquimbo;Illapel;3
3515;Direccion de Administracion y Finanzas;115185;I MUNICIPALIDAD DE LA CALERA;Región de Valparaíso;La Calera;2
3517;SALUD;115163;MUNICIPALIDAD DE TRAIGUEN;Región de la Araucanía;Traiguén;3
3518;EDUCACION;115163;MUNICIPALIDAD DE TRAIGUEN;Región de la Araucanía;Traiguén;5
3522;Escuela de Inteligencia  - ESCINTEL;111870;DIVISION LOGISTICA DEL EJERCITO;Región Metropolitana de Santiago;Colina;1
3524;División de Ingenieros - DIVINGE;111870;DIVISION LOGISTICA DEL EJERCITO;Región Metropolitana de Santiago;Quinta Normal;6
3525;Jefatura del Cuerpo Militar del Trabajo - JEFCMT;111870;DIVISION LOGISTICA DEL EJERCITO;Región Metropolitana de Santiago;Quinta Normal;2
3530;"Regimiento N 2 ""Maipo""";111870;DIVISION LOGISTICA DEL EJERCITO;Región de Valparaíso;Valparaíso;6
3532;"Regimiento N° 21 ""Coquimbo""";111870;DIVISION LOGISTICA DEL EJERCITO;Región de Coquimbo;La Serena;2
3533;Regimiento de Caballería Nº 3 Húsares - RC Nº 3;111870;DIVISION LOGISTICA DEL EJERCITO;Región de la Araucanía;Angol;11
3536;Escuela de Ingenieros - ESCING;111870;DIVISION LOGISTICA DEL EJERCITO;Región de Valparaíso;San Antonio;4
3537;Cuerpo Militar del Trabajo Subjef Zonal Pto. Montt;111870;DIVISION LOGISTICA DEL EJERCITO;Región de los Lagos;Puerto Montt;3
3540;Cuerpo Militar del Trabajo Subjefatura Zonal Coyhaique;111870;DIVISION LOGISTICA DEL EJERCITO;Región Aysén del General Carlos Ibáñez del Campo;Coyhaique;4
3541;Segundo Juzgado Militar de Santiago - II JUZMIL;111870;DIVISION LOGISTICA DEL EJERCITO;;;2
3542;Cuerpo Militar del Trabajo Subjefatura Zonal Punta Arenas;111870;DIVISION LOGISTICA DEL EJERCITO;Región de Magallanes y de la Antártica;Punta Arenas;1
3544;Destacamento Montaña Nº 3 Yungay - DESMÑA N° 3;111870;DIVISION LOGISTICA DEL EJERCITO;Región de Valparaíso;Los Andes;4
355;HOSPITAL HANGA ROA;7272;DIRECCION SERVICIO SALUD METROPOLITANO O;Región de Valparaíso;Isla De Pascua;4
3553;MINISTERIO DE BIENES NACIONALES;6941;MINISTERIO DE BIENES NACIONALES;Región Metropolitana de Santiago;Santiago Centro;10
3558;SALUD;115166;I MUNICIPALIDAD DE PENCAHUE;Región del Maule;Pencahue;1
3560;Departamento de Educacion Municipal;115185;I MUNICIPALIDAD DE LA CALERA;Región de Valparaíso;La Calera;1
3561;Departamento de Salud Municipal;115185;I MUNICIPALIDAD DE LA CALERA;Región de Valparaíso;La Calera;2
3563;ILUSTRE MUNICIPALIDAD TEODORO SCHMIDT;115280;ILUSTRE MUNICIPALIDAD TEODORO SCHMIDT;Región de la Araucanía;Teodoro Schmidt;3
3565;MUNICIPALIDAD ;115280;ILUSTRE MUNICIPALIDAD TEODORO SCHMIDT;Región de la Araucanía;Teodoro Schmidt;2
3587;Departamento de Salud Municipal Carahue;115186;I MUNICIPALIDAD DE CARAHUE;Región de la Araucanía;Carahue;3
359;Inst Nacional del Cancer Adquisiciones;7276;Instituto Nacional del Cancer;Región Metropolitana de Santiago;Independencia;8
3594;I MUNICIPALIDAD DE PORTEZUELO;115299;I MUNICIPALIDAD DE PORTEZUELO;Región del Ñuble;Portezuelo;1
3595;Ilustre Municipalidad de Rio Verde;115301;ILUSTRE MUNICIPALIDAD DE RIO VERDE;Región de Magallanes y de la Antártica;Río Verde;2
3596;Municipalidad de Papudo - Dpto. Adquisiciones;115302;I MUNICIPALIDAD DE PAPUDO;;;5
3597;Ilustre Municipalidad de Vicuña;115303;I MUNICIPALIDAD DE VICUNA;Región de Coquimbo;Vicuña;1
3598;Ilustre Municipalidad de Marchigue;115304;I MUNICIPALIDAD DE MARCHIGUE;Región del Libertador General Bernardo O´Higgins;Marchigue;1
3600;Departamento de Salud;115299;I MUNICIPALIDAD DE PORTEZUELO;;;2
3606;SALUD;115311;I MUNICIPALIDAD DE MULCHEN;;;1
3608;I MUNICIPALIDAD DE SAAVEDRA;115313;I MUNICIPALIDAD DE SAAVEDRA;Región de la Araucanía;Puerto Saavedra;1
3617;XII Región - Oficina Provincial Ultima Esperanza;6924;CORP NACIONAL FORESTAL;;;3
362;H_Chanco;7279;SERVICIO DE SALUD DEL MAULE HOSPITAL DE;;;2
3620;Municipalidad de San José de Maipo;115457;I MUNICIPALIDAD DE SAN JOSE DE MAIPO;Región Metropolitana de Santiago;San José de Maipo;2
3621;I MUNICIPALIDAD DE CABILDO;115459;I MUNICIPALIDAD DE CABILDO;Región de Valparaíso;Cabildo;4
3623;Municipalidad de Máfil - Adquisiciones;115464;I MUNICIPALIDAD DE MAFIL;Región de Los Ríos;Máfil;1
3624;Municipalidad De Nogales;115468;I MUNICIPALIDAD DE NOGALES;Región de Valparaíso;Nogales;3
363;SERVICIO DE SALUD DEL MAULE HOSPITAL DE MOLINA;7280;SERVICIO DE SALUD DEL MAULE HOSPITAL DE MOLINA;Región del Maule;Molina;6
3630;Municipalidad de Máfil - Depto. Salud;115464;I MUNICIPALIDAD DE MAFIL;Región de Los Ríos;Máfil;2
3632;Municipalidad De Nogales Dpto Salud;115468;I MUNICIPALIDAD DE NOGALES;Región de Valparaíso;Nogales;3
3633;Municipalidad De Nogales Educacion;115468;I MUNICIPALIDAD DE NOGALES;Región de Valparaíso;Nogales;2
3634;I. Municipalidad de Malloa;115609;I MUNICIPALIDAD DE MALLOA;Región del Libertador General Bernardo O´Higgins;Malloa;5
3637;Municipalidad de San Gregorio - Adquisiciones;115795;ILUSTRE MUNICIPALIDAD DE SAN GREGORIO;Región de Magallanes y de la Antártica;San Gregorio;3
3649;Ilustre Municipalidad de Quilleco;115979;I MUNICIPALIDAD DE QUILLECO;Región del Biobío;Quilleco;1
3654;Instituto de Investigaciones y Control - IDIC;111870;DIVISION LOGISTICA DEL EJERCITO;Región Metropolitana de Santiago;Santiago;6
3656;Ilustre Municipalidad de Requínoa;116215;I MUNICIPALIDAD DE REQUINOA;Región del Libertador General Bernardo O´Higgins;Requinoa;1
3658;Adquisiciones;116219;I MUNICIPALIDAD DE CALERA DE TANGO;Región Metropolitana de Santiago;Calera De Tango;4
3659;Ilustre Municipalidad de Chillan Viejo;116221;ILUSTRE MUNICIPALIDAD DE CHILLAN VIEJO;Región del Ñuble;Chillán Viejo;2
3661;Adquisiciones;116226;I MUNICIPALIDAD DE SAN ESTEBAN;Región de Valparaíso;San Esteban;3
3663;Salud;116215;I MUNICIPALIDAD DE REQUINOA;Región del Libertador General Bernardo O´Higgins;Requinoa;1
3665;Municipalidad ;116218;I MUNICIPALIDAD DE TIL TIL;Región Metropolitana de Santiago;Til Til;1
3674;Salud;116221;ILUSTRE MUNICIPALIDAD DE CHILLAN VIEJO;Región del Ñuble;Chillán Viejo;3
3675;Departamento de Salud;116223;I MUNICIPALIDAD DE PETORCA;Región de Valparaíso;Petorca;2
3679;Salud;116226;I MUNICIPALIDAD DE SAN ESTEBAN;Región de Valparaíso;San Esteban;2
3690;Salud;116296;I MUNICIPALIDAD DE LAS CABRAS;Región del Libertador General Bernardo O´Higgins;Las Cabras;1
3691;Educación;116296;I MUNICIPALIDAD DE LAS CABRAS;Región del Libertador General Bernardo O´Higgins;Las Cabras;2
3694;Departamento de Adquisiciones;116298;I MUNICIPALIDAD DE EL QUISCO;Región de Valparaíso;El Quisco;1
3695;Departamento De Educacion;116299;I MUNICIPALIDAD DE TENO;Región del Maule;Teno;3
3696;Departamento De Salud;116299;I MUNICIPALIDAD DE TENO;Región del Maule;Teno;5
3697;Adquisiciones;116399;I MUNICIPALIDAD DE VICTORIA;Región de la Araucanía;Victoria;6
3699;I MUNICIPALIDAD DE PUMANQUE;116402;I MUNICIPALIDAD DE PUMANQUE;Región del Libertador General Bernardo O´Higgins;Pumanque;1
3703;Finanzas;116406;I MUNICIPALIDAD DE HUASCO;Región de Atacama;Huasco;2
3704;Adquisiciones;116407;Ilustre Municipalidad de Cabo de Hornos;Región de Magallanes y de la Antártica;Cabo de Hornos;4
3705;Municipalidad;116408;I MUNICIPALIDAD DE LOS SAUCES;;;2
3706;Adquisiciones;116409;I MUNICIPALIDAD DE SAN IGNACIO;Región del Ñuble;San Ignacio;1
3707;Adquisiciones;116410;I MUNICIPALIDAD DE LA HIGUERA;Región de Coquimbo;La Higuera;1
3708;Adquisiciones;116411;I MUNICIPALIDAD DE PITRUFQUEN;Región de la Araucanía;Pitrufquén;2
3709;Educación;116399;I MUNICIPALIDAD DE VICTORIA;Región de la Araucanía;Victoria;7
3710;Salud;116399;I MUNICIPALIDAD DE VICTORIA;Región de la Araucanía;Victoria;10
3712;Finanzas;116401;I MUNICIPALIDAD DE LOS VILOS;Región de Coquimbo;Los Vilos;15
3713;Salud;116401;I MUNICIPALIDAD DE LOS VILOS;Región de Coquimbo;Los Vilos;3
3714;Educacion;116401;I MUNICIPALIDAD DE LOS VILOS;Región de Coquimbo;Los Vilos;1
3717;Departamento de Educación Municipal;116402;I MUNICIPALIDAD DE PUMANQUE;Región del Libertador General Bernardo O´Higgins;Pumanque;1
3723;Unidad Adquisiciones;116403;I MUNICIPALIDAD DE PUQUELDON;Región de los Lagos;Puqueldón;2
3729;Secpla;116404;I MUNICIPALIDAD DE CHIMBARONGO;Región del Libertador General Bernardo O´Higgins;Chimbarongo;1
3730;Adquisiciones  Obras;116404;I MUNICIPALIDAD DE CHIMBARONGO;Región del Libertador General Bernardo O´Higgins;Chimbarongo;4
3734;Adquisiciones;116405;I MUNICIPALIDAD DE LAJA;Región del Biobío;Laja;3
3736;Educación;116405;I MUNICIPALIDAD DE LAJA;Región del Biobío;Laja;11
3737;Salud;116405;I MUNICIPALIDAD DE LAJA;Región del Biobío;Laja;4
3743;Departamento De Educacion;116408;I MUNICIPALIDAD DE LOS SAUCES;Región de la Araucanía;Los Sauces;1
3747;Salud;116409;I MUNICIPALIDAD DE SAN IGNACIO;Región del Ñuble;San Ignacio;1
3751;Dpto.Educación Municipal;116411;I MUNICIPALIDAD DE PITRUFQUEN;Región de la Araucanía;Pitrufquén;7
3752;Dpto.Salud Municipal;116411;I MUNICIPALIDAD DE PITRUFQUEN;Región de la Araucanía;Pitrufquén;2
3754;SALUD;84473;I MUNICIPALIDAD DE CANELA;Región de Coquimbo;Canela;5
3755;Fiscalización y Control;7007;SUBSECRETARIA DE TRANSPORTES;Región Metropolitana de Santiago;Santiago;1
3756;I MUNICIPALIDAD DE PELARCO;116729;I MUNICIPALIDAD DE PELARCO;Región del Maule;Pelarco;1
3759;Ilustre Municipalidad de Yerbas Buenas;116738;Ilustre Municipalidad de Yerbas Buenas;Región del Maule;Yerbas Buenas;3
3760;IM De El Monte - Adquisiciones;116741;I MUNICIPALIDAD DE EL MONTE;;;1
3762;I MUNICIPALIDAD DE PAILLACO;116744;I MUNICIPALIDAD DE PAILLACO;Región de Los Ríos;Paillaco;1
3764;I MUNICIPALIDAD DE NANCAGUA;116750;I MUNICIPALIDAD DE NANCAGUA;Región del Libertador General Bernardo O´Higgins;Nancagua;2
3765;Hospital Doctor  Leopoldo Ortega Rodríguez;116754;SERVICIO NACIONAL DE SALUD HOSPITAL DE C;Región Aysén del General Carlos Ibáñez del Campo;Chile Chico;4
3767;Educacion;116729;I MUNICIPALIDAD DE PELARCO;Región del Maule;Pelarco;2
377;MUNICIPALIDAD DE ALGARROBO-ADQUISICIONES;7294;I MUNICIPALIDAD DE ALGARROBO;Región de Valparaíso;Algarrobo;1
3776;UNIDAD DE ADMINISTRACIÓN Y FINANZAS;116733;I MUNICIPALIDAD DE HIJUELAS;Región de Valparaíso;Hijuelas;6
3780;Depto. Salud;116738;Ilustre Municipalidad de Yerbas Buenas;Región del Maule;Yerbas Buenas;2
3781;COMANDANCIA EN JEFE DE LA Ia ZONA NAVAL;111875;DIRECCION DE ABASTECIMIENTO DE LA ARMADA;Región de Valparaíso;Valparaíso;1
3784;Adquisiciones ;116742;I MUNICIPALIDAD DE COELEMU;Región del Ñuble;Coelemu;3
3786;Depto. De Salud;116742;I MUNICIPALIDAD DE COELEMU;Región del Ñuble;Coelemu;1
3787;Depto. Antidrogas O.S.7;113812;DIRECCION DE LOGISTICA DE CARABINEROS;Región Metropolitana de Santiago;Providencia;1
3789;Dpto. Salud;116744;I MUNICIPALIDAD DE PAILLACO;Región de Los Ríos;Paillaco;5
3791;Finanzas;116747;I MUNICIPALIDAD DE CISNES;;;2
3794;Sec.Gest.Financ.P.3;113812;DIRECCION DE LOGISTICA DE CARABINEROS;Región Metropolitana de Santiago;Santiago Centro;123
3797;I MUNICIPALIDAD DE COCHRANE;116942;I MUNICIPALIDAD DE COCHRANE;Región Aysén del General Carlos Ibáñez del Campo;Cochrane;2
3799;Municipalidad de Purén;116945;I MUNICIPALIDAD DE PUREN;;;1
3801;Secplan;116940;I MUNICIPALIDAD DE QUILACO;Región del Biobío;Quilaco;1
3807;I MUNICIPALIDAD DE EMPEDRADO;116944;I MUNICIPALIDAD DE EMPEDRADO;Región del Maule;Empedrado;1
3808;Depto. Educacion;116945;I MUNICIPALIDAD DE PUREN;Región de la Araucanía;Purén;2
3810;Ilustre Municipalidad de Pichilemu;117179;ILUSTRE MUNICIPALIDAD DE PICHILEMU;Región del Libertador General Bernardo O´Higgins;Pichilemu;9
3811;DAF/ADQUISICIONES;117181;I MUNICIPALIDAD DE ISLA DE MAIPO;Región Metropolitana de Santiago;Isla de Maipo;1
3817;Bienestar;117181;I MUNICIPALIDAD DE ISLA DE MAIPO;Región Metropolitana de Santiago;Isla de Maipo;3
3820;I MUNICIPALIDAD DE SANTA MARIA;117210;I MUNICIPALIDAD DE SANTA MARIA;Región de Valparaíso;Santa María;37
3821;Departamento De Salud Municipal;117210;I MUNICIPALIDAD DE SANTA MARIA;Región de Valparaíso;Santa María;3
3825;Direccion De Administracion Y Finanzas;117406;I MUNICIPALIDAD DE PADRE HURTADO;Región Metropolitana de Santiago;Padre Hurtado;3
3826;Direccion De Educacion;117406;I MUNICIPALIDAD DE PADRE HURTADO;Región Metropolitana de Santiago;Padre Hurtado;3
3827;Direccion De Salud;117406;I MUNICIPALIDAD DE PADRE HURTADO;Región Metropolitana de Santiago;Padre Hurtado;5
3829;Departamento de Salud;7418;Ilustre Municipalidad de Ranquil;Región del Ñuble;Ranquil;1
3834;Finanzas-Adquisiciones;117581;I MUNICIPALIDAD DE MEJILLONES;Región de Antofagasta;Mejillones;2
3838;I MUNICIPALIDAD DE SANTA CRUZ;117584;I MUNICIPALIDAD DE SANTA CRUZ;Región Metropolitana de Santiago;Santiago;1
3843;Educación;117589;I MUNICIPALIDAD DE RAUCO;Región del Maule;Rauco;4
3845;Educacion ;117579;I MUNICIPALIDAD DE SIERRA GORDA;Región de Antofagasta;Sierra Gorda;2
3849;Depto. Comunicaciones Sociales;113812;DIRECCION DE LOGISTICA DE CARABINEROS;Región Metropolitana de Santiago;Santiago;1
3850;Educación;117580;I MUNICIPALIDAD DE RIO BUENO;Región de Los Ríos;Río Bueno;1
3858;Educacion;117581;I MUNICIPALIDAD DE MEJILLONES;Región de Antofagasta;Mejillones;1
3863;Educacion Municipal;117584;I MUNICIPALIDAD DE SANTA CRUZ;Región del Libertador General Bernardo O´Higgins;Santa Cruz;15
3864;Salud Municipal;117584;I MUNICIPALIDAD DE SANTA CRUZ;Región del Libertador General Bernardo O´Higgins;Santa Cruz;7
3866;Gestión;117585;I MUNICIPALIDAD DE PRIMAVERA;Región de Magallanes y de la Antártica;Primavera;2
3868;Depto.Crim.Labocar;113812;DIRECCION DE LOGISTICA DE CARABINEROS;Región Metropolitana de Santiago;Santiago;2
3869;Departamento Adm. Y Finanzas;117586;Municipalidad de Gorbea;Región de la Araucanía;Gorbea;2
387;Municipalidad de Los Muermos-Adquisiciones;7304;I MUNICIPALIDAD DE LOS MUERMOS;Región de los Lagos;Los Muermos;2
3873;Departamento de  Salud;117588;I MUNICIPALIDAD DE PUNITAQUI;Región de Coquimbo;Punitaqui;1
3876;Administración y Finanzas;117589;I MUNICIPALIDAD DE RAUCO;Región del Maule;Rauco;1
3877;Adquisiciones;118067;I MUNICIPALIDAD DE LAMPA;Región Metropolitana de Santiago;Lampa;4
3880;Municipalidad de Maule;118070;I MUNICIPALIDAD DE MAULE;Región del Maule;Maule;2
3881;Administración y Finanzas;118071;I MUNICIPALIDAD DE PINTO;Región del Ñuble;Pinto;1
3882;Ilustre Municipalidad de Llay Llay;118072;I MUNICIPALIDAD DE LLAY LLAY;Región de Valparaíso;Llay-Llay;1
3884;Administración y Finanzas;118075;I MUNICIPALIDAD PAIHUANO;Región de Coquimbo;Paihuano;5
3885;Municipalidad de Pica;118077;I MUNICIPALIDAD DE PICA;Región de Tarapacá;Pica;7
3887;I MUNICIPALIDAD DE VILLARRICA;118084;I MUNICIPALIDAD DE VILLARRICA;Región de la Araucanía;Villarrica;5
3888;Administración y Finanzas;118085;Ilustre Municipalidad de San Juan de la Costa;Región de los Lagos;San Juan de La Costa;4
3890;MUNICIPALIDAD DE FREIRE;118089;I MUNICIPALIDAD DE FREIRE;Región de la Araucanía;Freire;8
3891;Educación;118093;ILUSTRE MUNICIPALIDAD DE CURARREHUE;Región de la Araucanía;Curarrehue;1
3892;Educación;118096;I MUNICIPALIDAD DE LEBU;;;6
3894;Secretaria de Planificación;118067;I MUNICIPALIDAD DE LAMPA;Región Metropolitana de Santiago;Lampa;4
3899;Obras Municipales;118068;I MUNICIPALIDAD DE FUTALEUFU;Región de los Lagos;Futaleufú;1
3901;DESAMU;118069;I MUNICIPALIDAD DE BULNES;Región del Ñuble;Bulnes;7
3904;Finanzas, Adquisiciones;118069;I MUNICIPALIDAD DE BULNES;Región del Ñuble;Bulnes;2
3916;I MUNICIPALIDAD DE TALTAL;118079;I MUNICIPALIDAD DE TALTAL;Región de Antofagasta;Taltal;3
3921;salud;118084;I MUNICIPALIDAD DE VILLARRICA;Región de la Araucanía;Villarrica;3
3922;Educación;118084;I MUNICIPALIDAD DE VILLARRICA;Región de la Araucanía;Villarrica;6
3926;Salud Municipal;118085;Ilustre Municipalidad de San Juan de la Costa;;;1
3928;Educación Municipal;117179;ILUSTRE MUNICIPALIDAD DE PICHILEMU;Región del Libertador General Bernardo O´Higgins;Pichilemu;2
3934;Departamento de Salud;118089;I MUNICIPALIDAD DE FREIRE;Región de la Araucanía;Freire;3
3935;Secretaria de Planificación;118089;I MUNICIPALIDAD DE FREIRE;Región de la Araucanía;Freire;2
3938;Adquisiciones;118093;ILUSTRE MUNICIPALIDAD DE CURARREHUE;Región de la Araucanía;Curarrehue;1
3942;Departamento Salud;118096;I MUNICIPALIDAD DE LEBU;Región del Biobío;Lebu;1
3944;Departamento de Salud;118619;I MUNICIPALIDAD DE PERALILLO;Región del Libertador General Bernardo O´Higgins;Peralillo;2
3945;Administración y Finanzas;118620;I MUNICIPALIDAD DE LOS ALAMOS DEPTO COMUNAL;Región del Biobío;Los Alamos;5
3946;Administración y Finanzas;118621;I MUNICIPALIDAD DE PICHIDEGUA;Región del Libertador General Bernardo O´Higgins;Pichidegua;2
3947;Municipalidad de Santa Juana;118623;I MUNICIPALIDAD DE SANTA JUANA;Región del Biobío;Santa Juana;2
3949;ID 3949 - CESFAM Dr Alejandro Gutiérrez;118627;CONSULTORIO GENERAL URBANO DR ALEJANDRO GUTIERREZ;;;10
3950;Dirección de Salud Rural;118628;DIRECCION SALUD RURAL;Región Aysén del General Carlos Ibáñez del Campo;Coyhaique;25
3960;Finanzas Municipales;118855;I MUNICIPALIDAD DE HUALANE;Región del Maule;Hualañé;1
3963;Municipalidad de Peumo;118861;I MUNICIPALIDAD DE PEUMO;Región del Libertador General Bernardo O´Higgins;Peumo;1
3964;Dirección General de Fomento Equino y Remonta - DGFER;111870;DIVISION LOGISTICA DEL EJERCITO;Región de Los Ríos;La Unión;1
3969;Depto. Salud Municipal;118855;I MUNICIPALIDAD DE HUALANE;Región del Maule;Hualañé;1
3970;Depto.I.O.Crim.O.S.9;113812;DIRECCION DE LOGISTICA DE CARABINEROS;Región Metropolitana de Santiago;Santiago;19
3977;Departamento De Salud Municipal;118860;I MUNICIPALIDAD DE SANTA BARBARA;Región del Biobío;Santa Bárbara;1
3986;MUNICIPALIDAD DE CORRAL;119089;MUNICIPALIDAD DE CORRAL;Región de Los Ríos;Corral;1
3992;Departamento de Educación;119266;I MUNICIPALIDAD DE COLTAUCO;Región del Libertador General Bernardo O´Higgins;Coltauco;3
3994;I MUNICIPALIDAD DE OLIVAR;119273;I MUNICIPALIDAD DE OLIVAR;Región del Libertador General Bernardo O´Higgins;Olivar;1
3997;Administración Municipal;119266;I MUNICIPALIDAD DE COLTAUCO;Región del Libertador General Bernardo O´Higgins;Coltauco;2
4013;Departamento De Salud;119270;I MUNICIPALIDAD DE PUCHUNCAVI;Región de Valparaíso;Puchuncaví;1
4019;Depto. de Finanzas;119487;ILUSTRE MUNICIPALIDAD DE CAMINA;Región de Tarapacá;Camiña;8
4020;Adquisiciones;119488;I MUNICIPALIDAD DE CANETE;Región del Biobío;Cañete;9
4025;Depto. Salud;119484;I MUNICIPALIDAD DE ANTUCO;Región del Biobío;Antuco;1
4030;Depto. De Salud;119487;ILUSTRE MUNICIPALIDAD DE CAMINA;;;1
4034;Daem;119488;I MUNICIPALIDAD DE CANETE;Región del Biobío;Cañete;6
4035;Salud;119488;I MUNICIPALIDAD DE CANETE;;;2
4044;Adquisiciones;119852;I MUNICIPALIDAD DE ISLA DE PASCUA;Región de Valparaíso;Isla De Pascua;4
4050;Ilustre Municipalidad de Lonquimay;119994;I MUNICIPALIDAD DE LONQUIMAY;Región de la Araucanía;Lonquimay;4
4051;Municipalidad de Ollagüe;119996;I MUNICIPALIDAD DE OLLAGUE;;;4
4053;Ilustre Municipalidad de Mariquina;120001;I MUNICIPALIDAD DE MARIQUINA;;;3
4057;4057-Educacion;119994;I MUNICIPALIDAD DE LONQUIMAY;Región de la Araucanía;Lonquimay;2
4062;Finanzas;120001;I MUNICIPALIDAD DE MARIQUINA;Región de Los Ríos;Mariquina;6
4074;Depto. Educacion;120004;I MUNICIPALIDAD DE YUMBEL;Región del Biobío;Yumbel;1
4077;Escuela Formación Grupo Viña del Mar;113812;DIRECCION DE LOGISTICA DE CARABINEROS;Región de Valparaíso;Valparaíso;1
4079;Administración y Finanzas;120186;I MUNICIPALIDAD DE CABRERO;;;2
4081;Departamento De Educacion;120186;I MUNICIPALIDAD DE CABRERO;;;2
4083;Depto. De Salud;120186;I MUNICIPALIDAD DE CABRERO;Región del Biobío;Cabrero;2
4085;Depto. de Secplan;120788;I MUNICIPALIDAD DE LONGAVI;Región del Maule;Longaví;7
4089;Departamento de Salud;120788;I MUNICIPALIDAD DE LONGAVI;Región del Maule;Longaví;8
4090;Departamento de Salud  ;120791;I MUNICIPALIDAD DE MAULLIN;Región de los Lagos;Maullín;3
4099;Secretaria Comunal de Planificación;120798;I MUNICIPALIDAD DE MARIA PINTO;Región Metropolitana de Santiago;María Pinto;6
4100;Depto.Relaciones Públicas;113812;DIRECCION DE LOGISTICA DE CARABINEROS;Región Metropolitana de Santiago;Santiago Centro;1
4104; Departamento de Educación Municipal;117586;Municipalidad de Gorbea;Región de la Araucanía;Gorbea;1
4105;FINANZAS;121539;I MUNICIPALIDAD DE CALLE LARGA;Región de Valparaíso;Calle Larga;4
4112;DIRECCION DE FINANZAS;121613;I MUNICIPALIDAD DE CURACAUTIN;Región de la Araucanía;Curacautín;1
4113;Finanzas;121617;ILUSTRE MUNICIPALIDAD MELIPEUCO;Región de la Araucanía;Melipeuco;4
4116;OBRAS;121613;I MUNICIPALIDAD DE CURACAUTIN;Región de la Araucanía;Curacautín;1
4118;SECPLA;121613;I MUNICIPALIDAD DE CURACAUTIN;Región de la Araucanía;Curacautín;2
4123;Municipalidad De Ninhue-Salud;7051;I MUNICIPALIDAD DE NINHUE;Región del Ñuble;Ninhue;1
4127;Subsecretaria de Redes Asistenciales;7079;SUBSECRETARIA DE SALUD PUBLICA;Región Metropolitana de Santiago;Santiago;4
4134;ADMINISTRACION Y FINANZAS - ADQUISICIONES;7356;ILUSTRE MUNICIPALIDAD  DE SAGRADA FAMILIA;Región del Maule;Sagrada Familia;3
4142;Salud;123526;I MUNICIPALIDAD DE PALMILLA;;;1
4146;DEPARTAMENTO GESTIÓN TÉCNICA;113812;DIRECCION DE LOGISTICA DE CARABINEROS;Región Metropolitana de Santiago;Santiago Centro;1
4152;Municipalidad de Hualpén;123786;MUNICIPALIDAD DE HUALPEN;Región del Biobío;Hualpén;3
4162;Salud;123788;I MUNICIPALIDAD DE DONIHUE;Región del Libertador General Bernardo O´Higgins;Doñihue;2
4168;Municipalidad;124195;ILUSTRE MUNICIPALIDAD DE COLBUN;Región del Maule;Colbún;4
4170;Municipalidad;124203;Ilustre Municipalidad de Galvarino;Región de la Araucanía;Galvarino;1
4172;Salud;124195;ILUSTRE MUNICIPALIDAD DE COLBUN;;;3
4173;Educación;124198;Ilustre Municipalidad de Quirihue;;;2
4174;Secplan;124198;Ilustre Municipalidad de Quirihue;Región del Ñuble;Quirihue;1
4176;Educación;124203;Ilustre Municipalidad de Galvarino;Región de la Araucanía;Galvarino;3
4177;Salud;124203;Ilustre Municipalidad de Galvarino;Región de la Araucanía;Galvarino;3
4179;ABASTECIMIENTO;124577;I MUNICIPALIDAD DE LAUTARO;Región de la Araucanía;Lautaro;6
418;H Puerto Aysén;7335;SERVICIO NACIONAL DE SALUD HOSPITAL DE PUERTO AYSEN;Región Aysén del General Carlos Ibáñez del Campo;Aysén;13
4180;Escuela Formación Grupo Puerto Montt;113812;DIRECCION DE LOGISTICA DE CARABINEROS;Región de los Lagos;Puerto Montt;9
4189;Administración y Finanzas ;118096;I MUNICIPALIDAD DE LEBU;Región del Biobío;Lebu;2
4193;Departamento de Salud;7364;I MUNICIPALIDAD DE CALDERA;Región de Atacama;Caldera;1
4195;Adquisiciones - I Municipalidad de Quemchi;125066;I MUNICIPALIDAD DE QUEMCHI;Región de los Lagos;Quemchi;7
4201;DIAFI;125602;I MUNICIPALIDAD DE CURACAVI;Región Metropolitana de Santiago;Curacaví;3
4229;Escuela Formación Grupo Concepción;113812;DIRECCION DE LOGISTICA DE CARABINEROS;Región del Biobío;Concepción;14
4230;Escuela de Formación Grupo Valdivia;113812;DIRECCION DE LOGISTICA DE CARABINEROS;Región de Los Ríos;Valdivia;4
4236;I MUNICIPALIDAD DE CURANILAHUE;127036;I MUNICIPALIDAD DE CURANILAHUE;Región del Biobío;Curanilahue;6
4238;DEPARTAMENTO DE SALUD;127036;I MUNICIPALIDAD DE CURANILAHUE;Región del Biobío;Curanilahue;4
4239;Dpto. Educación;127036;I MUNICIPALIDAD DE CURANILAHUE;Región del Biobío;Curanilahue;4
4246;Superintendencia de Casinos de Juego;128260;SUPERINTENDENCIA DE CASINOS DE JUEGO;Región Metropolitana de Santiago;Santiago;6
4247;Departamento de Adquisiciones;117588;I MUNICIPALIDAD DE PUNITAQUI;Región de Coquimbo;Punitaqui;1
425;Servicios;7342;CORP ADMINISTRATIVA DEL PODER JUDICIAL;Región Metropolitana de Santiago;Santiago Centro;9
4252;DAF;128889;I MUNICIPALIDAD DE SAN FABIAN;Región del Ñuble;San Fabián;2
4256;Salud;128889;I MUNICIPALIDAD DE SAN FABIAN;Región del Ñuble;San Fabián;1
426;H_Petorca;7343;HOSPITAL DE PETORCA;Región de Valparaíso;Petorca;5
4280;Finanzas;129737;I MUNICIPALIDAD DE CATEMU;;;3
4281;DEPARTAMENTO DE SALUD;129738;I MUNICIPALIDAD DE CUNCO;Región de la Araucanía;Cunco;6
4283;Salud;129737;I MUNICIPALIDAD DE CATEMU;Región de Valparaíso;Catemu;4
4284;Municipalidad de Cunco;129738;I MUNICIPALIDAD DE CUNCO;;;10
4285;Educación;129738;I MUNICIPALIDAD DE CUNCO;Región de la Araucanía;Cunco;6
4291;Universidad de Antofagasta;130585;UNIVERSIDAD DE ANTOFAGASTA;Región de Antofagasta;Antofagasta;17
4293;COMITE INNOVA CHILE;6942;CORPORACION DE FOMENTO DE LA PRODUCCION;Región Metropolitana de Santiago;Santiago Centro;2
4301;IMUNI_ ZAPALLAR;132199;I MUNICIPALIDAD DE ZAPALLAR;Región de Valparaíso;Zapallar;3
4305;Centro de Asuntos Antárticos del Ejército - CAAE;111870;DIVISION LOGISTICA DEL EJERCITO;Región de Magallanes y de la Antártica;Punta Arenas;3
4309;Abastecimiento Fármacos;7324;HOSPITAL GUILLERMO GRANT BENAVENTE DE CO;Región del Biobío;Concepción;1
4314;DEPTO. ADM. Y FINANZAS;133311;Ilustre Municipalidad de Curepto;Región del Maule;Curepto;3
4316;DEPTO. SALUD;133311;Ilustre Municipalidad de Curepto;Región del Maule;Curepto;2
4329;Departamento de Salud;134356;Ilustre Municipalidad de Ñiquen;Región del Ñuble;Ñiquén;1
4337;Consultorio - Farmacia;118073;I MUNICIPALIDAD DE RENAICO;Región de la Araucanía;Renaico;1
434;Adquisiciones;7351;I MUNICIPALIDAD DE CAUQUENES;Región del Maule;Cauquenes;2
4343;ABASTECIMIETO HSJAVIER;7262;SERVICIO DE SALUD DEL MAULE HOSPITAL SAN JAVIER;Región del Maule;San Javier;4
4351;Daf;135561;I MUNICIPALIDAD DE NACIMIENTO;Región del Biobío;Nacimiento;2
4355;Adquisiones ;135567;I MUNICIPALIDAD DE FREIRINA;Región de Atacama;Freirina;3
4357;Salud Municipal;135567;I MUNICIPALIDAD DE FREIRINA;Región de Atacama;Freirina;1
4358;Daem;135561;I MUNICIPALIDAD DE NACIMIENTO;Región del Biobío;Nacimiento;4
4359;Salud;135561;I MUNICIPALIDAD DE NACIMIENTO;Región del Biobío;Nacimiento;2
4367;DEPARTAMENTO DE SALUD MUNICIPAL;135562;ILUSTRE MUNICIPALIDAD DE QUILLON;Región del Ñuble;Quillón;1
4371;Ilustre Municipalidad de San Vicente de Tagua Tagu;135559;I MUNICIPALIDAD DE SAN VICENTE;;;3
4374;Gobierno Regional Libertador Bdo. O´Higgins;7200;"GOBIERNO REGIONAL VI REGION DEL LI BERTADOR B O""HIGGINS";;;2
4375;Abastecimiento General;7324;HOSPITAL GUILLERMO GRANT BENAVENTE DE CO;Región del Biobío;Concepción;100
4377;Ilustre Municipalidad de San Rosendo;136421;I MUNICIPALIDAD DE SAN ROSENDO;Región del Biobío;San Rosendo;2
4379;Departamento de Educación;136421;I MUNICIPALIDAD DE SAN ROSENDO;Región del Biobío;San Rosendo;1
4388;Serv. de Gobierno Interior - Nivel Central;6944;SUBSECRETARIA DEL INTERIOR;Región Metropolitana de Santiago;Santiago Centro;2
439;DEPARTAMENTO DE EDUCACION;7356;ILUSTRE MUNICIPALIDAD  DE SAGRADA FAMILIA;Región del Maule;Sagrada Familia;3
4396;INE -  Bienestar;6931;INSTITUTO NACIONAL DE ESTADISTICAS;Región Metropolitana de Santiago;San Miguel;6
4401;DEPARTAMENTO SALUD MUNICIPALIDAD DE SAN CLEMENTE;93774;I MUNICIPALIDAD DE SAN CLEMENTE;Región del Maule;San Clemente;3
4404;DEPARTAMENTO EDUCACION MUNICIPALIDAD DE SAN CLEMENTE;93774;I MUNICIPALIDAD DE SAN CLEMENTE;Región del Maule;San Clemente;4
4406;Adquisiciones;138211;Ilustre Municipalidad de Lumaco;Región de la Araucanía;Lumaco;1
4408;Educacion;138211;Ilustre Municipalidad de Lumaco;Región de la Araucanía;Lumaco;1
4414;Finanzas  Municipalidad de Arauco;7050;I MUNICIPALIDAD DE ARAUCO;Región del Biobío;Arauco;6
4422;FONDO ODONTOLOGICO;6927;DIRECCION PREVISION DE CARABINEROS DE CHILE;;;1
4426;Coord. Bibliotecas Públicas Región del Maule;7011;SERVICIO NACIONAL DEL PATRIMONIO CULTURAL;Región del Maule;Talca;2
4429;Dirección de Salud;123786;MUNICIPALIDAD DE HUALPEN;Región del Biobío;Hualpén;10
4449;SUBDIRECCIÓN DE BIBLIOTECAS PÚBLICAS;7011;SERVICIO NACIONAL DEL PATRIMONIO CULTURAL;Región Metropolitana de Santiago;Santiago Centro;2
4451;UNIDAD DE COMPRAS MUNICIPALES;93774;I MUNICIPALIDAD DE SAN CLEMENTE;Región del Maule;San Clemente;10
4452;COMPRAS GENERALES;7452;SERVICIO DE SALUD DEL MAULE HOSPITAL DE CURICO;Región del Maule;Curicó;10
4454;ADMINISTRACION Y FINANZAS - DEPTO ADQUISICIONES;140867;I MUNICIPALIDAD DE HUALQUI;Región del Biobío;Hualqui;3
4455;Ilustre Municipalidad de Arauco - Educación;7050;I MUNICIPALIDAD DE ARAUCO;Región del Biobío;Arauco;6
4457;Direccion de Salud;140867;I MUNICIPALIDAD DE HUALQUI;Región del Biobío;Hualqui;5
4462;Ilustre Municipalidad de Arauco - Salud;7050;I MUNICIPALIDAD DE ARAUCO;Región del Biobío;Arauco;4
4463;Farmacia;7452;SERVICIO DE SALUD DEL MAULE HOSPITAL DE CURICO;Región del Maule;Curicó;3
4468;Municipal;117579;I MUNICIPALIDAD DE SIERRA GORDA;Región de Antofagasta;Sierra Gorda;1
4469;ADQUISICIONES;130972;UNIVERSIDAD DE PLAYA ANCHA DE CIENCIAS DE LA EDUCACION;Región de Valparaíso;Valparaíso;1
4475;Educación;141881;I.MUNICIPALIDAD DE ROMERAL;Región del Maule;Romeral;1
4476;Salud;141881;I.MUNICIPALIDAD DE ROMERAL;Región del Maule;Romeral;2
4477;Educación;141884;Ilustre Municipalidad de Contulmo;Región del Biobío;Contulmo;3
4478;Salud;141884;Ilustre Municipalidad de Contulmo;;;1
4484;Departamento de Salud;7360;I MUNICIPALIDAD DE TIERRA AMARILLA;Región de Atacama;Tierra Amarilla;1
4486;Ilustre Municipalidad de Negrete;142508;I MUNICIPALIDAD DE NEGRETE;Región del Biobío;Negrete;1
449;Dirección de Finanzas;7366;I MUNICIPALIDAD DE LA REINA;Región Metropolitana de Santiago;La Reina;3
4491;Ilustre Municipalidad de Penco;142575;I MUNICIPALIDAD DE PENCO;Región del Biobío;Penco;1
4493;Departamento de Salud;142575;I MUNICIPALIDAD DE PENCO;Región del Biobío;Penco;1
4494;Municipalidad;142575;I MUNICIPALIDAD DE PENCO;Región del Biobío;Penco;6
4495;Adquisiciones;142855;I MUNICIPALIDAD DE SAN PEDRO;Región Metropolitana de Santiago;San Pedro;1
4497;Secpla;142855;I MUNICIPALIDAD DE SAN PEDRO;Región Metropolitana de Santiago;San Pedro;1
4498;Educacion;142855;I MUNICIPALIDAD DE SAN PEDRO;Región Metropolitana de Santiago;San Pedro;3
4499;Salud;142855;I MUNICIPALIDAD DE SAN PEDRO;Región Metropolitana de Santiago;San Pedro;1
45;Servicio Nacional de Capacitación y Empleo;6962;SERVICIO NACIONAL DE CAPACITACION Y EMPLEO;Región Metropolitana de Santiago;Santiago Centro;6
4513;Adquisiciones;118073;I MUNICIPALIDAD DE RENAICO;Región de la Araucanía;Renaico;1
4519;Administración y Finanzas;145365;I MUNICIPALIDAD DE TREHUACO;Región del Ñuble;Trehuaco;1
4525;DAEM;123786;MUNICIPALIDAD DE HUALPEN;Región del Biobío;Hualpén;4
4540;LICEO POLITECNICO B-54;118096;I MUNICIPALIDAD DE LEBU;Región del Biobío;Lebu;1
4548;UNIDAD NORMAL;138454;I MUNICIPALIDAD DE QUINTERO;Región de Valparaíso;Quintero;1
4559;Depto. Salud;118620;I MUNICIPALIDAD DE LOS ALAMOS DEPTO COMUNAL;Región del Biobío;Los Alamos;13
4560;depto. Educación;118620;I MUNICIPALIDAD DE LOS ALAMOS DEPTO COMUNAL;Región del Biobío;Los Alamos;3
4562;Depto. Adquisiciones Municipales;148507;I MUNICIPALIDAD DE GRANEROS;Región del Libertador General Bernardo O´Higgins;Graneros;3
4563;Depto. de Educación;148507;I MUNICIPALIDAD DE GRANEROS;Región del Libertador General Bernardo O´Higgins;Graneros;5
4587;I.Municipalidad de Cabildo Adquisiciones-Salud;115459;I MUNICIPALIDAD DE CABILDO;Región de Valparaíso;Cabildo;1
4589;adquisiciones;106000;ILUSTRE MUNICIPALIDAD DE TORRES DEL PAIN;Región de Magallanes y de la Antártica;Torres del Payne;5
4591;Dirección de Vialidad - VI Región - Provincia Colchagua;7248;MINISTERIO DE OBRAS PUBLICAS DIREC CION GRAL DE OO PP DCYF;Región del Libertador General Bernardo O´Higgins;San Fernando;1
4594;Departamento de Salud;7146;I MUNICIPALIDAD DE COIHUECO;Región del Ñuble;Coihueco;7
4596;I. MUNICIPALIDAD DE SAN NICOLAS - EDUCACIÓN;7158;I MUNICIPALIDAD DE SAN NICOLAS;Región del Ñuble;San Nicolás;5
4605;SERVICIOS GENERALES;6978;SERVICIO DE VIVIENDA Y URBANIZACION VII REGION;;;1
4609;Finanzas;154782;I MUNICIPALIDAD DE CHILE CHICO;Región Aysén del General Carlos Ibáñez del Campo;Chile Chico;2
4610;Secplac;154782;I MUNICIPALIDAD DE CHILE CHICO;;;1
4618;Dirección del Trabajo III Región Atacama;7000;DIRECCION DEL TRABAJO;Región de Atacama;Copiapó;1
4620;Dirección del Trabajo V Región Valparaiso;7000;DIRECCION DEL TRABAJO;Región de Valparaíso;Valparaíso;1
4621;Dirección del Trabajo VI Región Libertador Bdo Oh;7000;DIRECCION DEL TRABAJO;Región del Libertador General Bernardo O´Higgins;Rancagua;1
4622;Dirección del Trabajo VII Región Maule;7000;DIRECCION DEL TRABAJO;Región del Maule;Talca;3
4626;Dirección del Trabajo XI Región Aysén;7000;DIRECCION DEL TRABAJO;Región Aysén del General Carlos Ibáñez del Campo;Coyhaique;1
4628;Dirección del Trabajo RM Oriente;7000;DIRECCION DEL TRABAJO;Región Metropolitana de Santiago;Providencia;2
4629;Nivel Central Santiago;7000;DIRECCION DEL TRABAJO;Región Metropolitana de Santiago;Santiago Centro;4
463;C.I.R.N.;7380;CENTRO DE INFORMACION DE RECURSOS NATURALES;Región Metropolitana de Santiago;Santiago;1
4635;Dirección de Salud;113812;DIRECCION DE LOGISTICA DE CARABINEROS;Región Metropolitana de Santiago;Providencia;1
4642;Fondos Hospitales;113812;DIRECCION DE LOGISTICA DE CARABINEROS;Región Metropolitana de Santiago;Ñuñoa;12
4644;XI Región - Oficina Provincial Aysen;6924;CORP NACIONAL FORESTAL;Región Aysén del General Carlos Ibáñez del Campo;Aysén;1
4645;XI Región - Area La Junta;6924;CORP NACIONAL FORESTAL;Región Aysén del General Carlos Ibáñez del Campo;Cisnes;1
4649;XI Región - Prov. Coyhaique;6924;CORP NACIONAL FORESTAL;Región Aysén del General Carlos Ibáñez del Campo;Coyhaique;2
4650;CONSEJO DE MONUMENTOS NACIONALES;7011;SERVICIO NACIONAL DEL PATRIMONIO CULTURAL;Región Metropolitana de Santiago;Santiago;1
4652;Pasajes Aéreos - DEG;6958;SUBSECRETARIA DEL MINISTERIO DE EDUCACION PUBLICA;;;18
4653;Pasajes Aéreos - DAG;6958;SUBSECRETARIA DEL MINISTERIO DE EDUCACION PUBLICA;Región Metropolitana de Santiago;Santiago Centro;1
4655;Pasajes Aéreos - GABINETE MINISTRO;6958;SUBSECRETARIA DEL MINISTERIO DE EDUCACION PUBLICA;Región Metropolitana de Santiago;Alhué;20
4656;Pasajes Aéreos - SUBSECRETARIA;6958;SUBSECRETARIA DEL MINISTERIO DE EDUCACION PUBLICA;Región Metropolitana de Santiago;Santiago Centro;2
4660;CM - ADMINISTRACIÓN INTERNA;6958;SUBSECRETARIA DEL MINISTERIO DE EDUCACION PUBLICA;;;6
4686;DEPARTAMENTO DE ADQUISICIONES;156657;Cámara de Diputados de Chile;Región de Valparaíso;Valparaíso;8
4689;Depto. Educación Maule;118070;I MUNICIPALIDAD DE MAULE;Región del Maule;Maule;2
4690;Depto. Salud Comunal;118070;I MUNICIPALIDAD DE MAULE;Región del Maule;Maule;3
4704;SALUD;116741;I MUNICIPALIDAD DE EL MONTE;Región Metropolitana de Santiago;El Monte;1
4706;ABASTECIMIENTOS GENERALES;7474;Instituto de Neurocirugía;Región Metropolitana de Santiago;Santiago;2
4707;I. MUNICIPALIDAD DE SAN NICOLAS - DEPTO. SALUD;7158;I MUNICIPALIDAD DE SAN NICOLAS;Región del Ñuble;San Nicolás;2
4710;SENCE IV REGION;6962;SERVICIO NACIONAL DE CAPACITACION Y EMPLEO;Región Metropolitana de Santiago;Alhué;1
4714;SENCE VI REGION;6962;SERVICIO NACIONAL DE CAPACITACION Y EMPLEO;Región Metropolitana de Santiago;Santiago Centro;1
4717;SENCE VIII REGION;6962;SERVICIO NACIONAL DE CAPACITACION Y EMPLEO;Región Metropolitana de Santiago;Santiago Centro;2
4719;SENCE XI REGION;6962;SERVICIO NACIONAL DE CAPACITACION Y EMPLEO;Región Aysén del General Carlos Ibáñez del Campo;Aysén;1
4728;Subsecretaría de Pesca y Acuicultura;7211;SUBSECRETARIA DE PESCA Y ACUICULTURA;Región de Valparaíso;Valparaíso;11
4732;Secpla;165106;I MUNICIPALIDAD DE CODEGUA;Región del Libertador General Bernardo O´Higgins;Codegua;3
4734;Educación;165105;MUNICIPALIDAD DE CHOLCHOL;Región de la Araucanía;Chol Chol;1
4737;Daem;165106;I MUNICIPALIDAD DE CODEGUA;Región del Libertador General Bernardo O´Higgins;Codegua;1
4738;Salud;165106;I MUNICIPALIDAD DE CODEGUA;Región del Libertador General Bernardo O´Higgins;Codegua;2
4754;CM - UCE;6958;SUBSECRETARIA DEL MINISTERIO DE EDUCACION PUBLICA;Región Metropolitana de Santiago;Santiago;1
4762;BIENESTAR DE DIPRECA;6927;DIRECCION PREVISION DE CARABINEROS DE CHILE;Región Metropolitana de Santiago;Santiago Centro;1
4768;D.A.F;165285;I MUNICIPALIDAD DE LA ESTRELLA;;;1
4776;U. ADQUISICIONES  CENTRO SALUD Y REHABILITACION;7175;CAJA DE PREVISION DE LA DEFENSA NACIONAL;Región de Valparaíso;Valparaíso;22
4777;Dirección de Adm. y Finanzas;114725;I MUNICIPALIDAD DE LA UNION;;;3
4778;Compras de Insumos y Servicios Generales;7340;SERVICIO NACIONAL DE SALUD HOSPITAL DE C;Región Aysén del General Carlos Ibáñez del Campo;Coyhaique;18
48;SERVIU Metropolitano;6965;SERVICIO DE VIVIENDA Y URBANIZACION AREA METROPOLITANA;Región Metropolitana de Santiago;Santiago;8
4817;INSUMOS CLINICOS HBL;7258;SERVICIO DE SALUD DEL MAULE HOSPITAL DE LINARES;Región del Maule;Linares;11
4820;ALIMENTOS Y BEBIDAS;174692;SENADO DE LA REPUBLICA;Región de Valparaíso;Valparaíso;2
4829;Departamento Finanzas;182336;ILUSTRE MUNICIPALIDAD DE ALTO BIOBIO;Región del Biobío;Alto Bio Bio;1
483;H Contulmo;7400;SERVICIO DE SALUD CONCEPCION ARAUCO HOSPITAL DE CONTULMO;Región del Biobío;Contulmo;2
4841;CENTRO NACIONAL DE CONSERVACIÓN Y RESTAURACIÓN;7011;SERVICIO NACIONAL DEL PATRIMONIO CULTURAL;Región Metropolitana de Santiago;Recoleta;1
4848;Departamento de Salud;7066;I MUNICIPALIDAD DE EL TABO;Región de Valparaíso;El Tabo;5
4856;Salud;183037;I MUNICIPALIDAD DE TIRUA;Región del Biobío;Tirúa;2
4857;Educación;183037;I MUNICIPALIDAD DE TIRUA;Región del Biobío;Tirúa;1
4858;Finanzas;183037;I MUNICIPALIDAD DE TIRUA;Región del Biobío;Tirúa;1
4879;SEREMI  de la Cultura  las Artes patrimon Tarapacá;7359;SUBSECRETARÍA DE LAS CULTURAS Y LAS ARTES;Región de Tarapacá;Iquique;1
4880;Consejo Regional de la Cultura y Las Artes Antofagasta;7359;SUBSECRETARÍA DE LAS CULTURAS Y LAS ARTES;Región de Antofagasta;Antofagasta;2
4882;Consejo Regional de la Cultura y las ArtesCoquimbo;7359;SUBSECRETARÍA DE LAS CULTURAS Y LAS ARTES;Región de Coquimbo;La Serena;2
4886;Consejo Regional de la Cultura y las Artes del Bío-Bío;7359;SUBSECRETARÍA DE LAS CULTURAS Y LAS ARTES;Región del Biobío;Concepción;1
4887;Consejo Regional de la Cultura y las Artes de la Araucanía ;7359;SUBSECRETARÍA DE LAS CULTURAS Y LAS ARTES;Región de la Araucanía;Temuco;2
4889;Consejo Regional de Cultura Región de Aysen;7359;SUBSECRETARÍA DE LAS CULTURAS Y LAS ARTES;Región Aysén del General Carlos Ibáñez del Campo;Coyhaique;1
4891;Consejo Regional de la Cultura y Las Artes R. Metropolitana;7359;SUBSECRETARÍA DE LAS CULTURAS Y LAS ARTES;Región Metropolitana de Santiago;Santiago Centro;1
4894;02 Facultad de Ciencias Económicas;96996;UNIVERSIDAD DE VALPARAISO;Región de Valparaíso;Viña del Mar;1
4906;Consultorio Rio Negro Hornopiren;7104;SERVICIO SALUD DEL RELONCAVI;Región de los Lagos;Hualaihué;2
4923;Departamento Social;106880;I MUNICIPALIDAD DE FUTRONO;Región de Los Ríos;Futrono;1
4928;Departamento de Abastecimiento TIC;113812;DIRECCION DE LOGISTICA DE CARABINEROS;Región Metropolitana de Santiago;Independencia;3
4931;Comisión Administradora del Sistema de Créditos pa;192032;COMISION ADMINISTRADORA DEL SISTEMA DE CREDITOS P. ESTUDIOS SUPERIORES;Región Metropolitana de Santiago;Providencia;1
4939;DEPARTAMENTO DE EDUCACION MUNICIPAL;114392;I MUNICIPALIDAD DE CHAITEN;Región de los Lagos;Chaitén;1
494;Insumos Hospital de Copiapó;7411;SERVICIO DE SALUD ATACAMA HOSPITAL COPIA;Región de Atacama;Copiapó;6
4946;FF ALMIRANTE BLANCO ENCALADA;111875;DIRECCION DE ABASTECIMIENTO DE LA ARMADA;Región de Valparaíso;Valparaíso;1
4955;Departamento Contabilidad Institucional;113812;DIRECCION DE LOGISTICA DE CARABINEROS;Región Metropolitana de Santiago;Santiago;9
4956;I MUNICIPALIDAD DE RENCA;87185;I MUNICIPALIDAD DE RENCA;Región Metropolitana de Santiago;Renca;1
4964;DEPARTAMENTO SOCIAL ;113614;I MUNICIPALIDAD DE CASABLANCA;Región de Valparaíso;Casablanca;2
4967;FARMACIA INSUMOS;7485;HOSPITAL DE QUILPUE;;;19
4968;HOSPITAL DE QUILPUE;7485;HOSPITAL DE QUILPUE;;;23
4973;BIENESTAR MOP;7249;MINISTERIO DE OBRAS PUBLICAS DIREC CION GRAL DE OO PP DCYF;Región Metropolitana de Santiago;Santiago;4
4991;09 Facultad de Ciencias;96996;UNIVERSIDAD DE VALPARAISO;Región de Valparaíso;Valparaíso;2
4999;Depto. de Salud;113428;I MUNICIPALIDAD DE SAN PEDRO DE ATACAMA;Región de Antofagasta;San Pedro de Atacama;1
5006;MUSEO;111875;DIRECCION DE ABASTECIMIENTO DE LA ARMADA;Región de Valparaíso;Valparaíso;3
5017;Centro Médico Militar San Bernardo;111870;DIVISION LOGISTICA DEL EJERCITO;Región Metropolitana de Santiago;San Bernardo;1
5019;Centro Clínico Militar Coyhaique - CCM Coyhaique;111870;DIVISION LOGISTICA DEL EJERCITO;Región Aysén del General Carlos Ibáñez del Campo;Coyhaique;3
5040;DIRECCIÓN DE DESARROLLO COMUNITARIO;135562;ILUSTRE MUNICIPALIDAD DE QUILLON;Región del Ñuble;Quillón;2
5042;DEPARTAMENTO MUNICIPAL DE CEMENTERIOS;86624;I MUNICIPALIDAD DE ARICA;Región de Arica y Parinacota;Arica;1
5052;Generales;7260;SERVICIO DE SALUD DEL MAULE HOSPITAL DE TALCA;Región del Maule;Talca;22
5053;Operaciones;7260;SERVICIO DE SALUD DEL MAULE HOSPITAL DE TALCA;;;5
5056;Servicios;7260;SERVICIO DE SALUD DEL MAULE HOSPITAL DE TALCA;Región del Maule;Talca;3
5060;Municipalidad de Temuco-Educación;7321;I MUNICIPALIDAD DE TEMUCO;Región de la Araucanía;Temuco;11
5061;Municipalidad de Temuco-Salud;7321;I MUNICIPALIDAD DE TEMUCO;Región de la Araucanía;Temuco;12
5066;Adquisiciones Proyectos;116411;I MUNICIPALIDAD DE PITRUFQUEN;Región de la Araucanía;Pitrufquén;5
5067;Universidad de Santiago de Chile;212299;UNIVERSIDAD DE SANTIAGO DE CHILE;Región Metropolitana de Santiago;Estación Central;24
507428;Servicio de Salud Chiloé;16223;SERVICIO DE SALUD CHILOE;Región de los Lagos;Castro;3
5083;PRÓTESIS Y ÓRTESIS;7452;SERVICIO DE SALUD DEL MAULE HOSPITAL DE CURICO;Región del Maule;Curicó;2
508994;SERPLAC LOS RIOS;6947;SUBSECRETARIA DE SERVICIOS SOCIALES;Región de Los Ríos;Valdivia;1
5090;Unidad La Serena;7209;DIRECCION GENERAL DEL CREDITO PRENDARIO;;;1
509876;Coord. Bibliotecas Publicas Región de  Los Ríos;7011;SERVICIO NACIONAL DEL PATRIMONIO CULTURAL;Región de Los Ríos;Valdivia;1
5110;DEPARTAMENTO DE EDUCACION MUNICIPAL;114916;I MUNICIPALIDAD DE PURRANQUE;Región de los Lagos;Purranque;2
511077;INE - XIV REGION;6931;INSTITUTO NACIONAL DE ESTADISTICAS;Región de Los Ríos;Valdivia;2
5126;EMC-Comando Conjunto Norte;7266;ESTADO MAYOR CONJUNTO;Región de Tarapacá;Iquique;8
5147;ILUSTRE MUNICIPALIDAD DE TIMAUKEL;224045;ILUSTRE MUNICIPALIDAD DE TIMAUKEL;Región de Magallanes y de la Antártica;Timaukel;3
5148;Fiscalía Nacional;224060;MINISTERIO PUBLICO;Región Metropolitana de Santiago;Santiago;1
514847;Salud;124577;I MUNICIPALIDAD DE LAUTARO;Región de la Araucanía;Lautaro;8
514848;Educacion;124577;I MUNICIPALIDAD DE LAUTARO;Región de la Araucanía;Lautaro;14
514862;CORPORACION MUNICIPAL DE PENALOLEN PARA EL DESARRO;1034640;CORPORACION MUNICIPAL DE PENALOLEN PARA EL DESARROLO SOCIAL CORMUP;Región Metropolitana de Santiago;Peñalolén;2
515184;ENTORNO LABORAL CRS;7373;CENTRO REFERENCIAL DE SALUD DR SALVADOR ALLENDE GOSSENS;Región Metropolitana de Santiago;Pudahuel;1
5153;Hospital Clínico Univ. de Chile-Insumos Generales;7251;UNIVERSIDAD DE CHILE;Región Metropolitana de Santiago;Independencia;19
5155;Unidad de Adquisiciones;225773;SERVICIO ELECTORAL;Región Metropolitana de Santiago;Santiago Centro;11
5178;UCHILE  Facultad Medicina (5178);7251;UNIVERSIDAD DE CHILE;Región Metropolitana de Santiago;Independencia;32
517903;Comando Conjunto Austral;7266;ESTADO MAYOR CONJUNTO;Región de Magallanes y de la Antártica;Punta Arenas;4
5190;JENABIEN;111880;POLICIA DE INVESTIGACIONES DE CHILE;Región Metropolitana de Santiago;Santiago Centro;4
519302;Servicios Generales;1042394;INSTITUTO NACIONAL DE PROPIEDAD INDUSTRIAL;Región Metropolitana de Santiago;Santiago;1
5194;Bienestar Social y Calidad de Vida;6925;DIRECCION GENERAL DE GENDARMERIA DE CHIL;Región Metropolitana de Santiago;Santiago;3
5195;Brigada de Operaciones Especiales - BOE;111870;DIVISION LOGISTICA DEL EJERCITO;Región Metropolitana de Santiago;Colina;5
5196;IIª Brigada Aérea;6946;FUERZA AEREA DE CHILE COMANDO LOGISTICO;Región Metropolitana de Santiago;Pudahuel;20
520149;DICOMPRAS;7227;SUBSECRETARIA DE RELACIONES EXTERIORES;Región Metropolitana de Santiago;Santiago Centro;4
5215;Adquisiciones Salud;112097;I MUNICIPALIDAD DE LA GRANJA;Región Metropolitana de Santiago;La Granja;4
522;Hosp. de Litueche;7439;Hospital de Litueche;Región del Libertador General Bernardo O´Higgins;Litueche;3
523059;OVDAS;7210;SERVICIO NACIONAL DE GEOLOGIA Y MINERIA;Región de la Araucanía;Temuco;1
523524;Defensoria Regional de Los Ríos;7034;DEFENSORIA PENAL PUBLICA;Región de Los Ríos;Valdivia;1
5240;Direccion de Compras Publicas de Carabineros;113812;DIRECCION DE LOGISTICA DE CARABINEROS;Región Metropolitana de Santiago;Santiago;1
5251;DEPARTAMENTO DE ABASTECIMIENTO;126109;UNIVERSIDAD TECNOLOGICA METROPOLITANA;Región Metropolitana de Santiago;Santiago;3
5254;Gestión de Compras y Traslados;7340;SERVICIO NACIONAL DE SALUD HOSPITAL DE C;Región Aysén del General Carlos Ibáñez del Campo;Aysén;56
525800;Cesfam Segismundo Iturra Taito;100158;I MUNICIPALIDAD DE SAN FELIPE;Región de Valparaíso;San Felipe;5
527481;OFICINA SECPLAC;115297;ILUSTRE MINICIPALIDAD DE COMBARBALA;Región de Coquimbo;Combarbalá;3
5282;Secretaria de Planificación Comunal;115798;I.MUNICIPALIDAD DE PORVENIR;Región de Magallanes y de la Antártica;Porvenir;2
529318;DEPARTAMENTO DE HABITABILIDAD (V);111875;DIRECCION DE ABASTECIMIENTO DE LA ARMADA;Región de Valparaíso;Valparaíso;2
5300;DIPLAD;113614;I MUNICIPALIDAD DE CASABLANCA;Región de Valparaíso;Casablanca;1
531153;"Regimiento de Artillería N° 1 ""Tacna""";111870;DIVISION LOGISTICA DEL EJERCITO;Región Metropolitana de Santiago;San Bernardo;6
5326;Unidad de Farmacia;7440;SERVICIO DE SALUD HOSPITAL DE RENGO;Región del Libertador General Bernardo O´Higgins;Rengo;13
5338;UNIVERSIDAD DE MAGALLANES;257227;UNIVERSIDAD DE MAGALLANES;Región de Magallanes y de la Antártica;Punta Arenas;2
5349;Adquisiciones No Clinicas;7412;HOSPITAL PROVINCIAL   DEL HUASCO MSR FERNANDO ARIZTIA RUIZ;;;6
5350;DEPTO DE SALUD MUNICIPAL;86491;I MUNICIPALIDAD DE VALLENAR;Región de Atacama;Vallenar;1
5363;Grupo de Abastecimiento del Comando Logístico;6946;FUERZA AEREA DE CHILE COMANDO LOGISTICO;Región Metropolitana de Santiago;El Bosque;2
538598;ABASTECIMIENTO;1076658;HOSPITAL METROPOLITANO DE SANTIAGO;Región Metropolitana de Santiago;Providencia;12
539119;Sección de Abastecimiento y Proyectos;113812;DIRECCION DE LOGISTICA DE CARABINEROS;Región Metropolitana de Santiago;Santiago;45
5394;PROYECTOS CON TERCEROS (D/583);257227;UNIVERSIDAD DE MAGALLANES;Región de Magallanes y de la Antártica;Punta Arenas;5
540362;JUNTA NACIONAL DE CUERPOS DE BOMBEROS DE CHILE;1079772;JUNTA NACIONAL DE CUERPOS DE BOMBEROS DE CHILE;Región Metropolitana de Santiago;Providencia;12
5404;PA - CNA;262897;COMISION NACIONAL DE ACREDITACION;Región Metropolitana de Santiago;Santiago;7
5413;CAMPUS OSORNO;266724;UNIVERSIDAD DE LOS LAGOS;Región de los Lagos;Ancud;4
5416;DEPARTAMENTO DE ABASTECIMIENTO;7319;UNIVERSIDAD DE LA SERENA;Región de Coquimbo;La Serena;22
5418;Gobierno Regional de Los Ríos;267799;GOBIERNO REGIONAL DE LOS RIOS;Región de Los Ríos;Valdivia;4
5420;Gobierno Regional de Arica y Parinacota;267965;GOBIERNO REGIONAL DE ARICA-PARINACOTA;Región de Arica y Parinacota;Arica;4
5421;CAMPUS SANTIAGO;266724;UNIVERSIDAD DE LOS LAGOS;Región Metropolitana de Santiago;Santiago;17
5423;CAMPUS PUERTO MONTT;266724;UNIVERSIDAD DE LOS LAGOS;Región de los Lagos;Puerto Montt;3
542343;FEN Microdatos;7251;UNIVERSIDAD DE CHILE;Región Metropolitana de Santiago;Santiago Centro;2
542429;UNIDAD ADMINISTRADORA DE LOS TRIBUNALES TRIBUTARIOS Y ADUANEROS;1083414;UNIDAD ADMINISTRADORA DE LOS TRIBUNALES TRIBUTARIOS Y ADUANEROS;Región Metropolitana de Santiago;Santiago Centro;1
542753;Dirección del Trabajo RM Poniente;7000;DIRECCION DEL TRABAJO;Región Metropolitana de Santiago;Santiago;1
5433;UCHILE Prorrectoría;7251;UNIVERSIDAD DE CHILE;Región Metropolitana de Santiago;Santiago;1
5434;UCHILE Fac. de Ciencias;7251;UNIVERSIDAD DE CHILE;Región Metropolitana de Santiago;Santiago;1
5441;UCHILE Facultad Cs.Veterinarias;7251;UNIVERSIDAD DE CHILE;Región Metropolitana de Santiago;La Pintana;6
5447;VAA- SISIB;7251;UNIVERSIDAD DE CHILE;Región Metropolitana de Santiago;Santiago;1
545598;corpocas;1088974;CORP MUNICIPAL DE CASTRO PARA LA EDUCACION SALUD Y ATENCION AL MENOR;Región de los Lagos;Castro;16
546437;FUND NACIONAL DE ORQUESTAS JUVENILES E INFANTILES ;1090451;FUND NACIONAL DE ORQUESTAS JUVENILES E INFANTILES DE CHILE;Región Metropolitana de Santiago;Providencia;8
547640;Departamento de Salud;7363;I MUNICIPALIDAD DE VILLA ALEGRE;Región del Maule;Villa Alegre;4
548238;DIRECCION GENERAL DE ASUNTOS ESTUDIANTILES;7319;UNIVERSIDAD DE LA SERENA;Región de Coquimbo;La Serena;9
5484;Instituto Alta Investigacion;204439;UNIVERSIDAD DE TARAPACA;Región de Arica y Parinacota;Arica;1
5485;FAC.CS.AGRONOMICAS Dirección Económ. y Adm;7251;UNIVERSIDAD DE CHILE;Región Metropolitana de Santiago;La Pintana;9
548847;IPS Region de Tarapaca;1090469;INSTITUTO DE PREVISION SOCIAL;Región de Tarapacá;Iquique;2
548849;IPS Region de Arica y Parinacota;1090469;INSTITUTO DE PREVISION SOCIAL;Región de Arica y Parinacota;Arica;1
548852;IPS Region de Atacama;1090469;INSTITUTO DE PREVISION SOCIAL;Región de Atacama;Copiapó;2
548856;IPS Region de Valparaiso;1090469;INSTITUTO DE PREVISION SOCIAL;Región de Valparaíso;Valparaíso;1
548866;IPS Region de la Araucania;1090469;INSTITUTO DE PREVISION SOCIAL;Región de la Araucanía;Angol;1
548868;IPS Region de Los Lagos;1090469;INSTITUTO DE PREVISION SOCIAL;Región de los Lagos;Puerto Montt;1
548870;IPS Region Aysen del Gral Carlos Ibanez del Campo;1090469;INSTITUTO DE PREVISION SOCIAL;Región Aysén del General Carlos Ibáñez del Campo;Coyhaique;3
548875;IPS Adquisiciones;1090469;INSTITUTO DE PREVISION SOCIAL;Región Metropolitana de Santiago;Santiago;6
548928;Adquisiciones y Mantención;1094591;Fundación de las Familias;Región Metropolitana de Santiago;Santiago;2
5490;Fac de Gobierno Dirección de Administ  y Finanzas;7251;UNIVERSIDAD DE CHILE;;;2
5512;Convenio de Desempeño;204439;UNIVERSIDAD DE TARAPACA;Región de Arica y Parinacota;Arica;4
5517;UCHILE FAC.ARTES Adquisiciones;7251;UNIVERSIDAD DE CHILE;Región Metropolitana de Santiago;Santiago;8
5518;FCFM Departamento de Astronomía;7251;UNIVERSIDAD DE CHILE;Región Metropolitana de Santiago;Las Condes;2
551872;Unidad Antofagasta;7209;DIRECCION GENERAL DEL CREDITO PRENDARIO;Región de Antofagasta;Antofagasta;1
5520;FCFM IDIEM;7251;UNIVERSIDAD DE CHILE;Región Metropolitana de Santiago;Santiago;76
552294;Bienestar;7216;INSTITUTO NACIONAL DE DEPORTES DE CHILE;Región Metropolitana de Santiago;Providencia;2
552757;Departamento de Salud Municipal;117179;ILUSTRE MUNICIPALIDAD DE PICHILEMU;Región del Libertador General Bernardo O´Higgins;Pichilemu;1
552975;CDSP;1101613;CORP DE DESARROLLO SOCIAL DE PROVIDENCIA;Región Metropolitana de Santiago;Providencia;8
5531;FCFM Departamento de Ingeniería Industrial;7251;UNIVERSIDAD DE CHILE;Región Metropolitana de Santiago;Santiago;1
5537;UCHILE Instituto Estudios Avanzados en Educación;7251;UNIVERSIDAD DE CHILE;Región Metropolitana de Santiago;Santiago;2
5538;Junji - XIV Región - Los Ríos;6928;JUNTA NACIONAL DE JARDINES         INFANTILES;Región de Los Ríos;Valdivia;7
5539;UCHILE Depto.Evaluac. y Medicion Educacional DEMRE;7251;UNIVERSIDAD DE CHILE;Región Metropolitana de Santiago;Ñuñoa;1
553988;Servicio de Bienestar;7183;CORP NACIONAL DE DESARROLLO INDIGENA;Región de la Araucanía;Temuco;2
5542;FCFM Departamento de Geofísica;7251;UNIVERSIDAD DE CHILE;Región Metropolitana de Santiago;Santiago;4
5543;UCHILE Vicerrectoria de Investigacion y Desarrollo;7251;UNIVERSIDAD DE CHILE;Región Metropolitana de Santiago;Santiago;2
554734;Unidad de Adquisiciones;118861;I MUNICIPALIDAD DE PEUMO;Región del Libertador General Bernardo O´Higgins;Peumo;2
5548;UCHILE Liceo Experimental Manuel de Salas;7251;UNIVERSIDAD DE CHILE;Región Metropolitana de Santiago;Ñuñoa;3
5550;ISL Región de Tarapacá;6953;INSTITUTO DE SEGURIDAD LABORAL;Región Metropolitana de Santiago;Santiago Centro;2
5551;ISL Región de Antofagasta;6953;INSTITUTO DE SEGURIDAD LABORAL;Región Metropolitana de Santiago;Santiago Centro;2
5552;ISL Región de Atacama;6953;INSTITUTO DE SEGURIDAD LABORAL;Región Metropolitana de Santiago;Santiago Centro;2
5553;ISL Región de Coquimbo;6953;INSTITUTO DE SEGURIDAD LABORAL;Región Metropolitana de Santiago;Santiago Centro;2
5557;ISL Región del Bio Bio;6953;INSTITUTO DE SEGURIDAD LABORAL;Región Metropolitana de Santiago;Santiago Centro;3
5558;ISL Región de la Araucanía;6953;INSTITUTO DE SEGURIDAD LABORAL;;;4
5559;ISL Región de Los Lagos;6953;INSTITUTO DE SEGURIDAD LABORAL;;;2
5560;ISL Región Aysén General Carlos Ibañez del Campo;6953;INSTITUTO DE SEGURIDAD LABORAL;Región Aysén del General Carlos Ibáñez del Campo;Aysén;2
5567;ISL Región de Magallanes;6953;INSTITUTO DE SEGURIDAD LABORAL;Región Metropolitana de Santiago;Santiago Centro;1
5568;Servicios Generales;7139;SERVICIO DE SALUD NUBLE HOSPITAL DE EL C;Región del Ñuble;El Carmen;3
557509;BIENESTAR CAPREDENA;7175;CAJA DE PREVISION DE LA DEFENSA NACIONAL;Región Metropolitana de Santiago;Santiago;2
557639;CORMUN RANCAGUA - ADMINISTRACIÓN CENTRAL;1109551;CORP MUNICIPAL DE SERVICIOS PUBLICOS TRASPASADOS DE RANCAGUA;Región del Libertador General Bernardo O´Higgins;Rancagua;7
557823;Subdepartamento de Bienestar;6919;SERVICIO AGRICOLA Y GANADERO;Región Metropolitana de Santiago;Santiago Centro;1
557970;Dirección de Aeropuertos - XIV Región;7243;MINISTERIO DE OBRAS PUBLICAS DIREC CION GRAL DE OO PP DCYF;Región de Los Ríos;Valdivia;2
557974;ÁREA DE SALUD;1110112;CORPORACION MUNICIPAL DE EDUCACION,SALUD,CULTURA Y ATENCION AL MENOR,;Región de Valparaíso;Quilpué;5
558462;CONVENIO SERNAMEG;1110944;FUND PARA LA PROMOCION Y DESARROLLO DE LA MUJER;Región Metropolitana de Santiago;Santiago;7
5585;FCFM Escuela de Ingeniería y Ciencias;7251;UNIVERSIDAD DE CHILE;Región Metropolitana de Santiago;Santiago;3
5586;Universidad de la Frontera;277559;UNIVERSIDAD DE LA FRONTERA;Región de la Araucanía;Temuco;25
5590;UCHILE INTA;7251;UNIVERSIDAD DE CHILE;Región Metropolitana de Santiago;Macul;12
5592;LOGÍSTICA VALDIVIA;111880;POLICIA DE INVESTIGACIONES DE CHILE;Región de Los Ríos;Valdivia;2
5593;LOGISTICA ARICA;111880;POLICIA DE INVESTIGACIONES DE CHILE;;;1
559322;FCFM Centro AMTC;7251;UNIVERSIDAD DE CHILE;Región Metropolitana de Santiago;Santiago Centro;6
5602;Seremi de Salud Arica y Parinacota;7079;SUBSECRETARIA DE SALUD PUBLICA;;;2
5604;Sea - XIV Región;7218;SERVICIO DE EVALUACION AMBIENTAL;Región de Los Ríos;Valdivia;1
5605;UCHILE Contraloría Universitaria;7251;UNIVERSIDAD DE CHILE;Región Metropolitana de Santiago;Santiago;2
5610;UCHILE Facultad de Odontologia;7251;UNIVERSIDAD DE CHILE;Región Metropolitana de Santiago;Independencia;5
5611;Sección Compras y Servicios Generales;278907;SERVICIO REGIONAL DE LA VIVIENDA Y URBAN;Región de Arica y Parinacota;Arica;5
5612;SAG - Los Ríos;6919;SERVICIO AGRICOLA Y GANADERO;Región de Los Ríos;Río Bueno;4
5613;UCHILE Facultad de Cs. Forestales;7251;UNIVERSIDAD DE CHILE;Región Metropolitana de Santiago;Santiago;5
5615;Ilustre Municipalidad de El Carmen;123784;Ilustre Municipalidad de El Carmen;Región del Ñuble;El Carmen;1
5617;Dirección General de Aguas - XIV Región de los Rios;7247;MINISTERIO DE OBRAS PUBLICAS DIREC CION GRAL DE OO PP DCYF;Región de Los Ríos;Valdivia;1
5621;UCHILE -FACULTAD DE DERECHO;7251;UNIVERSIDAD DE CHILE;Región Metropolitana de Santiago;Recoleta;3
5625;XIV - Servicio Nacional de Pesca y Acuicultura;7008;SERV NACIONAL DE PESCA;Región de Los Ríos;Valdivia;1
5626;22 Organismo Central-Vic de Investigación e Innova;96996;UNIVERSIDAD DE VALPARAISO;Región de Valparaíso;Valparaíso;2
5637;VAEC- Estadio Univ.Campus Juan Gómez Millas;7251;UNIVERSIDAD DE CHILE;Región Metropolitana de Santiago;Ñuñoa;1
564162;VICERRECTORIA DE INVESTIGACION Y DESARROLLO;212299;UNIVERSIDAD DE SANTIAGO DE CHILE;Región Metropolitana de Santiago;Estación Central;11
5647;FEN Unidad de Planta Física;7251;UNIVERSIDAD DE CHILE;Región Metropolitana de Santiago;Santiago;3
564845;OPV 82 COMANDANTE TORO;111875;DIRECCION DE ABASTECIMIENTO DE LA ARMADA;Región de Valparaíso;Valparaíso;1
564953;Corporación de Educación y Salud de Las Condes;1122214;Corporación de Educación y Salud de Las Condes;Región Metropolitana de Santiago;Las Condes;9
5650;SEREMI  de Los Ríos;6941;MINISTERIO DE BIENES NACIONALES;Región de Los Ríos;Valdivia;2
5651;I Región - Oficina Regional de Tarapacá ;6924;CORP NACIONAL FORESTAL;Región de Tarapacá;Iquique;2
5657;XIV región - Oficina Regional de Los Rios;6924;CORP NACIONAL FORESTAL;Región de Los Ríos;La Unión;1
5658;Region de Los Rios;7000;DIRECCION DEL TRABAJO;Región de Los Ríos;Valdivia;1
5659;Sea - XV Región;7218;SERVICIO DE EVALUACION AMBIENTAL;Región de Arica y Parinacota;Arica;1
5667;Secretaría Ministerial de Educación Arica y Parinacota;6958;SUBSECRETARIA DEL MINISTERIO DE EDUCACION PUBLICA;Región de Arica y Parinacota;Arica;1
5679;FCFM Departamento de Física;7251;UNIVERSIDAD DE CHILE;Región Metropolitana de Santiago;Santiago;1
5684;FCFM Campus Facultad;7251;UNIVERSIDAD DE CHILE;Región Metropolitana de Santiago;Santiago;4
568658;CORPORACION MUNICIPAL VINA DEL MAR PARA EL DESARRO;1128653;CORPORACION MUNICIPAL VINA DEL MAR PARA EL DESARROLLO SOCIAL;Región de Valparaíso;Viña del Mar;25
5688;DIRECCION REGIONAL XIV REGION DE LOS RIOS;6960;SERVICIO DE REGISTRO CIVIL E IDENTIFICACION;Región de Los Ríos;Valdivia;1
568963;CSNCCL;1129189;COMISION DEL SISTEMA NACIONAL DE CERTIFICACION DE COMPETENCIAS LABORALES;Región Metropolitana de Santiago;Santiago;9
5690;SAG - Tarapacá;6919;SERVICIO AGRICOLA Y GANADERO;Región de Tarapacá;Iquique;9
5702;Región de Arica y Parinacota;6925;DIRECCION GENERAL DE GENDARMERIA DE CHIL;Región de Arica y Parinacota;Arica;36
5707;FEN Dirección Económica y Administrativa;7251;UNIVERSIDAD DE CHILE;Región Metropolitana de Santiago;Santiago;2
5733;FCFM- Proyecto CMM;7251;UNIVERSIDAD DE CHILE;Región Metropolitana de Santiago;Santiago Centro;2
5737;Junaeb Región de Los Ríos;7002;JUNTA NACIONAL DE AUXILIO ESCOLAR Y BECA;Región de Los Ríos;Valdivia;1
574;Hospital Dr. Möll de Cabildo;7491;DR. VICTOR HUGO MOLL DE CABILDO;Región de Valparaíso;Cabildo;8
5740;Región de los Ríos;6925;DIRECCION GENERAL DE GENDARMERIA DE CHIL;Región de Los Ríos;Valdivia;11
5742;Mineduc Administración XIV Región;6958;SUBSECRETARIA DEL MINISTERIO DE EDUCACION PUBLICA;Región de Los Ríos;Valdivia;1
5750;Dirección de Vialidad - XV Región - Dirección Regional;7248;MINISTERIO DE OBRAS PUBLICAS DIREC CION GRAL DE OO PP DCYF;Región de Arica y Parinacota;Arica;2
5751;Serviu Región de Los Ríos - Valdivia;285964;SERVICIO DE VIVIENDA Y URBANIZACION DE V;Región de Los Ríos;Valdivia;3
5752;Consejo para la Transparencia;1060064;CONSEJO PARA LA TRANSPARENCIA;Región Metropolitana de Santiago;Santiago;4
5756;FAC. ARQUITECTURA Dirección Econ. y Admin.;7251;UNIVERSIDAD DE CHILE;Región Metropolitana de Santiago;Santiago Centro;4
575924;Dirección Regional Arica Parinacota - Tarapacá;272303;CORP DE ASISTENCIA JUDICIAL DE LAS REG T;Región de Tarapacá;Iquique;1
576181;BASE INFANTERIA DE MARINA CONCON;111875;DIRECCION DE ABASTECIMIENTO DE LA ARMADA;Región de Valparaíso;Concón;10
5767;FEN Gabinete Escuela de Postgrado;7251;UNIVERSIDAD DE CHILE;Región Metropolitana de Santiago;Santiago;1
5768;FEN Unidad de Desarrollo Tecnológico;7251;UNIVERSIDAD DE CHILE;Región Metropolitana de Santiago;Santiago;3
5769;FEN Gabinete Escuela de Economía y Administración;7251;UNIVERSIDAD DE CHILE;Región Metropolitana de Santiago;Santiago;2
5770;FCFM   CEC;7251;UNIVERSIDAD DE CHILE;Región Metropolitana de Santiago;Santiago Centro;1
577289;Programa de Desarrollo Logístico;7007;SUBSECRETARIA DE TRANSPORTES;Región Metropolitana de Santiago;Santiago Centro;1
577290;Subsidio Nacional Transporte Publico;7007;SUBSECRETARIA DE TRANSPORTES;Región Metropolitana de Santiago;Santiago;8
5782;12 Campus-Santiago;96996;UNIVERSIDAD DE VALPARAISO;Región Metropolitana de Santiago;San Miguel;2
578459;Corporación Municipal Isla de Maipo;1145766;CORP MUNICIPAL DE ISLA DE MAIPO PARA L;Región Metropolitana de Santiago;Isla de Maipo;5
5814;FAC.CS.QUIMICAS DIRECAD;7251;UNIVERSIDAD DE CHILE;;;2
584105;P01;1155673;SUBSECRETARIA DE ENERGIA;Región Metropolitana de Santiago;Santiago;2
584146;DEPARTAMENTO DE SALUD MUNICIPAL;114916;I MUNICIPALIDAD DE PURRANQUE;Región de los Lagos;Purranque;4
584385;COMANDANCIA EN JEFE DE LA Va ZONA NAVAL;111875;DIRECCION DE ABASTECIMIENTO DE LA ARMADA;Región de los Lagos;Puerto Montt;9
585;Sercotec - Nivel Central;6950;SERVICIO DE COOPERACION TECNICA;Región Metropolitana de Santiago;Santiago Centro;2
585893;INDAP - Region de Tarapaca;6937;INSTITUTO DE DESARROLLO AGROPECUARIO;Región de Tarapacá;Iquique;6
586;Dirección Nacional de Aduanas;6952;SERVICIO NACIONAL DE ADUANAS;Región de Valparaíso;Valparaíso;16
586269;SERVICIO DE BIENESTAR MSGG;7194;SECRETARIA GENERAL DE GOBIERNO;Región Metropolitana de Santiago;Santiago Centro;6
5865;FACULTAD DE CIENCIAS SOCIALES;204439;UNIVERSIDAD DE TARAPACA;Región de Arica y Parinacota;Arica;1
587;Ministerio de Vivienda y Urbanismo(766);6951;SUBSECRETARIA DEL MINISTERIO DE LA VIVIENDA Y URBANISMO;Región Metropolitana de Santiago;Providencia;53
5891;Dirección de Contabilidad y Finanzas - XV Región;7068;MINISTERIO DE OBRAS PUBLICAS DIREC CION GRAL DE OO PP DCYF;Región de Arica y Parinacota;Arica;1
5907;AREA FINANZAS;116946;ILUSTRE MUNICIPALIDAD DE HUARA;Región de Tarapacá;Huara;3
591;FONASA, Nivel Central;6954;FONDO NACIONAL DE SALUD;Región Metropolitana de Santiago;Santiago;3
5911;TRIBUNAL CONSTITUCIONAL;299576;TRIBUNAL CONSTITUCIONAL;Región Metropolitana de Santiago;Santiago;1
5933;PASAJES NACIONALES E INTERNACIONALES;257227;UNIVERSIDAD DE MAGALLANES;Región de Magallanes y de la Antártica;Punta Arenas;29
593649;SII DR17 Direccion Regional Valdivia;7113;SERVICIO DE IMPUESTOS INTERNOS DIRECCION;Región de Los Ríos;Valdivia;1
593951;Departamento de Abastecimiento de Fundación Integra;1172700;FUNDACION EDUCACIONAL PARA EL DESAROLLO INTEGRAL DE LA NIÑEZ;Región Metropolitana de Santiago;Santiago;14
594965;Regional Lib Bdo Ohiggins;1172700;FUNDACION EDUCACIONAL PARA EL DESAROLLO INTEGRAL DE LA NIÑEZ;Región del Libertador General Bernardo O´Higgins;Rancagua;3
5951;FACULTAD DE CIENCIAS DE LA SALUD;204439;UNIVERSIDAD DE TARAPACA;Región de Arica y Parinacota;Arica;2
5952;FACULTAD DE EDUCACION Y HUMANIDADES;204439;UNIVERSIDAD DE TARAPACA;Región de Arica y Parinacota;Arica;2
595636;DIRECCION NACIONAL;1175633;INIA;Región Metropolitana de Santiago;Providencia;5
595824;Hospital San Fernando Operaciones;7448;SERVICIO DE SALUD HOSPITAL DE SAN FERNANDO;Región del Libertador General Bernardo O´Higgins;San Fernando;2
598;Unidad de Abastecimiento DIPRECA;6927;DIRECCION PREVISION DE CARABINEROS DE CHILE;Región Metropolitana de Santiago;Santiago;3
599;JUNTA NACIONAL DE JARDINES         INFANTILES;6928;JUNTA NACIONAL DE JARDINES         INFANTILES;Región Metropolitana de Santiago;Santiago;4
601;Superintendencia de Salud;6930;SUPERINTENDENCIA DE SALUD;Región Metropolitana de Santiago;Santiago Centro;6
602;Educación;7367;I MUNICIPALIDAD DE RIO NEGRO;Región de los Lagos;Río Negro;1
603663;Unidad de Administracion y Finanzas;1189679;INSTITUTO NACIONAL DE DERECHOS HUMANOS;Región Metropolitana de Santiago;Providencia;14
604944;Subsecretaría de Defensa;1191967;SUBSECRETARIA DE DEFENSA;Región Metropolitana de Santiago;Santiago;7
605;Consejo de Defensa del Estado;6933;Consejo de Defensa del Estado;Región Metropolitana de Santiago;Santiago;4
606;Subsecretaría de Telecomunicaciones;6934;SUBSECRETARIA DE TELECOMUNICACIONES;Región Metropolitana de Santiago;Santiago;5
606591;Servicio de Bienestar Comision Nacional de Riego;7186;COMISION NACIONAL DE RIEGO;Región Metropolitana de Santiago;Santiago;2
607;Adquisiciones;6935;PARQUE METROPOLITANO DE SANTIAGO;Región Metropolitana de Santiago;Santiago;7
608;Hospital Dr. Gustavo Fricke;6936;HOSPITAL DR GUSTAVO FRICKE DE VINA DEL MAR;Región de Valparaíso;Viña del Mar;94
608897;Subsecretaría del Medio Ambiente;1198788;SUBSECRETARIA DEL MEDIO AMBIENTE;Región de los Lagos;Puerto Montt;1
609;Instituto de Desarrollo Agropecuario - INDAP;6937;INSTITUTO DE DESARROLLO AGROPECUARIO;Región Metropolitana de Santiago;Santiago;3
610;Comisión Nacional de Energía;6938;Comisión Nacional de Energía;Región Metropolitana de Santiago;Santiago Centro;2
611669;Superintendencia del Medio Ambiente -Nivel Central;1203668;Superintendencia del Medio Ambiente;;;4
612;Servicio Agricola y Ganadero (SAG central);6919;SERVICIO AGRICOLA Y GANADERO;Región Metropolitana de Santiago;Santiago Centro;15
614;SEREMI MINVU I REGION;6951;SUBSECRETARIA DEL MINISTERIO DE LA VIVIENDA Y URBANISMO;Región de Tarapacá;Iquique;1
617807;Hospital San Juan de Dios de Los Andes;1214332;SERV NAC SALUD HOSPITAL DE LOS ANDES;Región de Valparaíso;Los Andes;26
618;Subgerencia de Administración;6942;CORPORACION DE FOMENTO DE LA PRODUCCION;Región Metropolitana de Santiago;Santiago Centro;10
618923;Subsecretaría para las Fuerzas Armadas;1216382;SUBSECRETARIA PARA LAS FUERZAS ARMADAS;Región Metropolitana de Santiago;Santiago;1
619;SUBSECRETARIA DEL MINISTERIO DE HACIENDA;6943;SUBSECRETARIA DEL MINISTERIO DE HACIENDA;Región Metropolitana de Santiago;Santiago;1
619133;Hospital San Camilo de San Felipe;1216718;SERVICIO SALUD SAN FELIPE LOS ANDES HOSP;Región de Valparaíso;San Felipe;25
619284;Programa de Vialidad y Transporte Urbano - Sectra;7007;SUBSECRETARIA DE TRANSPORTES;Región Metropolitana de Santiago;Alhué;3
620039;ISL Region de Los Rios;6953;INSTITUTO DE SEGURIDAD LABORAL;Región Metropolitana de Santiago;Santiago Centro;4
620279;BASE NAVAL PUERTO MONTT;111875;DIRECCION DE ABASTECIMIENTO DE LA ARMADA;;;7
620332;FCFM-PROYECTO FONDAP GEOTERMIA	;7251;UNIVERSIDAD DE CHILE;Región Metropolitana de Santiago;Santiago Centro;1
621451;Subsecretaría de Turismo;1220768;SUBSECRETARIA DE TURISMO;Región Metropolitana de Santiago;Santiago Centro;11
621923;Regimiento de Inteligencia del Ejército N2 Llaitún;111870;DIVISION LOGISTICA DEL EJERCITO;Región Metropolitana de Santiago;Peñalolén;1
622;Tesorería General de la República;6956;TESORERIA GENERAL DE LA REPUBLICA;Región Metropolitana de Santiago;Santiago Centro;3
622134;JAL - Estado Mayor General del Ejército;111870;DIVISION LOGISTICA DEL EJERCITO;Región Metropolitana de Santiago;Santiago Centro;10
622847;DEPARTAMENTO DE INVERSIÓN E INFRAESTRUCTURA PATRIM;7011;SERVICIO NACIONAL DEL PATRIMONIO CULTURAL;Región Metropolitana de Santiago;Santiago Centro;7
623;Ministerio del Interior;6944;SUBSECRETARIA DEL INTERIOR;Región Metropolitana de Santiago;Santiago;13
624;Compra Regional;6940;GOBIERNO REGIONAL IV REGION COQUIMBO;Región de Coquimbo;La Serena;4
625;Escuadrilla de Abastecimiento BALCE;6946;FUERZA AEREA DE CHILE COMANDO LOGISTICO;Región Metropolitana de Santiago;Cerrillos;3
626529;DIDECO;142855;I MUNICIPALIDAD DE SAN PEDRO;Región Metropolitana de Santiago;San Pedro;2
626802;Consejo Resolutivo de Asignaciones Parlamentaria;1230073;Consejo Resolutivo de Asignaciones Parlamentaria;Región Metropolitana de Santiago;Santiago;1
627786;Escuela Formación Grupo Ovalle;113812;DIRECCION DE LOGISTICA DE CARABINEROS;Región de Coquimbo;Ovalle;4
628;Abastecimiento Central;6948;SERVICIO NACIONAL DE LA MUJER Y LA EQUIDAD DE GENERO;Región Metropolitana de Santiago;Santiago;5
629373;Corporación Municipal de San Miguel;1232694;CORP MUNICIPAL DE SAN MIGUEL;Región Metropolitana de Santiago;San Miguel;1
630;Subsecretaria del Trabajo;6939;SUBSECRETARIA DEL TRABAJO;Región Metropolitana de Santiago;Santiago;1
633;Conaf - Oficina Central - Abastecimiento;6924;CORP NACIONAL FORESTAL;Región Metropolitana de Santiago;Santiago;23
634;Dirección Nacional;6925;DIRECCION GENERAL DE GENDARMERIA DE CHIL;Región Metropolitana de Santiago;Santiago Centro;20
635;SERVICIO DE SALUD DE ARICA;6926;SERVICIO DE SALUD DE ARICA Y PARINACOTA;Región de Arica y Parinacota;Arica;12
636811;Servicios Generales;7280;SERVICIO DE SALUD DEL MAULE HOSPITAL DE MOLINA;Región del Maule;Molina;1
642;SERVIU VI REGION;6977;SERVICIO DE VIVIENDA Y URBANIZACION VI REGION;;;2
642028;Corporación Municipal de Melipilla;1244947;CORP MUNICIPAL MELIPILLA PARA LA ED SALUD;Región Metropolitana de Santiago;Melipilla;6
643;SERVIU V Región;6968;SERVICIO DE VIVIENDA Y URBANIZACION V REGION;Región de Valparaíso;Valparaíso;2
643553;Corporación Municipal de Desarrollo Social San Joaquín;1246426;CORP MUNICIPAL DE DESARROLLO SOCIAL DE SN JOAQUIN;Región Metropolitana de Santiago;San Joaquín;2
644;SEREMI MINVU X REGION;6951;SUBSECRETARIA DEL MINISTERIO DE LA VIVIENDA Y URBANISMO;Región de los Lagos;Puerto Montt;2
646;SERVIU IV Región;6972;SERVICIO DE VIVIENDA Y URBANIZACION IV REGION;Región de Coquimbo;La Serena;2
647694;División de Personal - Pasajes y fletes;111870;DIVISION LOGISTICA DEL EJERCITO;Región Metropolitana de Santiago;Santiago;40
648752;Jefatura de Sanidad Militar - JESAM;111870;DIVISION LOGISTICA DEL EJERCITO;Región Metropolitana de Santiago;Conchalí;1
650;SERVIU II Región ;6974;SERVICIO DE VIVIENDA Y URBANIZACION II REGION;Región de Antofagasta;Antofagasta;1
651;SERVICIOS GENERALES;6975;SERVICIO DE VIVIENDA Y URBANIZACION III REGION;Región de Atacama;Copiapó;1
652;SERVICIO DE SALUD ARAUCO;6976;SERVICIO DE SALUD ARAUCO;Región del Biobío;Lebu;1
654;SERVIU REGION DEL BIOBIO;6979;SERVICIO DE VIVIENDA Y URBANIZACION REGIÓN DEL BIO BIO;Región del Biobío;Concepción;4
654478;Subsecretaría de Prevención del Delito;1256896;SUBSECRETARIA DE PREVENCION DEL DELITO;Región Metropolitana de Santiago;Santiago;3
655;Sección Servicios Generales;6980;SERVICIO DE VIVIENDA Y URBANIZACION IX REGION;Región de la Araucanía;Temuco;2
655348;"Companía Andina Divisionaria N° 20 ""Cochrane""";111870;DIVISION LOGISTICA DEL EJERCITO;Región Aysén del General Carlos Ibáñez del Campo;Aysén;4
656;SERVIU X REGION;6981;SERVICIO DE VIVIENDA Y URBANIZACION X REGION;Región de los Lagos;Puerto Montt;3
658;SEREMI IV REGION;6951;SUBSECRETARIA DEL MINISTERIO DE LA VIVIENDA Y URBANISMO;Región de Coquimbo;La Serena;1
659;SEREMI VIII REGION;6951;SUBSECRETARIA DEL MINISTERIO DE LA VIVIENDA Y URBANISMO;Región del Biobío;Concepción;1
661;Seremi-Minvu XII Región;6951;SUBSECRETARIA DEL MINISTERIO DE LA VIVIENDA Y URBANISMO;Región de Magallanes y de la Antártica;Punta Arenas;2
661439;Seguridad Presidencial;7238;PRESIDENCIA DE LA REPUBLICA;Región Metropolitana de Santiago;Santiago Centro;2
661769;IPS Pasajes Aereos;1090469;INSTITUTO DE PREVISION SOCIAL;Región Metropolitana de Santiago;Santiago Centro;3
662237;SENDA NACIONAL;1264424;SERVICIO NACIONAL PARA LA PREVENCION Y REHABILITACION DEL CONSUMO DE D;Región Metropolitana de Santiago;Santiago Centro;2
664;SEREMI de Antofagasta;6941;MINISTERIO DE BIENES NACIONALES;Región de Antofagasta;Antofagasta;1
673335;SENDA-DIRECCIÓN REGIONAL BIO BIO;1264424;SERVICIO NACIONAL PARA LA PREVENCION Y REHABILITACION DEL CONSUMO DE D;Región del Biobío;Concepción;1
673721;SENDA-DIRECCIÓN REGIONAL METROPOLITANA;1264424;SERVICIO NACIONAL PARA LA PREVENCION Y REHABILITACION DEL CONSUMO DE D;Región Metropolitana de Santiago;Santiago Centro;1
675;SEREMI del Maule;6941;MINISTERIO DE BIENES NACIONALES;Región del Maule;Talca;1
678;SEREMI de La Araucanía;6941;MINISTERIO DE BIENES NACIONALES;Región de la Araucanía;Temuco;1
680;SEREMI de Los Lagos;6941;MINISTERIO DE BIENES NACIONALES;Región de los Lagos;Puerto Montt;1
680482;Jdo de Garantia de Parral;7342;CORP ADMINISTRATIVA DEL PODER JUDICIAL;Región del Maule;Parral;1
680499;TOP de Talca;7342;CORP ADMINISTRATIVA DEL PODER JUDICIAL;Región del Maule;Talca;3
682257;Jdo de Garantia de Los Lagos;7342;CORP ADMINISTRATIVA DEL PODER JUDICIAL;Región de Los Ríos;Los Lagos;1
682264;Jdo de Letras y Garantia de La Union;7342;CORP ADMINISTRATIVA DEL PODER JUDICIAL;Región de Los Ríos;La Unión;5
682265;Jdo de Letras de La Mariquina;7342;CORP ADMINISTRATIVA DEL PODER JUDICIAL;Región de Los Ríos;Mariquina;1
685;SEREMI Metropolitana;6941;MINISTERIO DE BIENES NACIONALES;Región Metropolitana de Santiago;Alhué;1
687293;ADQUISICIONES;1288587;FUNDACION CHILE;Región Metropolitana de Santiago;Vitacura;3
688;OFICINA DE ESTUDIOS Y POLITICAS AGRARIAS;7005;OFICINA DE ESTUDIOS Y POLITICAS AGRARIAS;Región Metropolitana de Santiago;Santiago;1
691;SEREMI MINVU VII REGION;6951;SUBSECRETARIA DEL MINISTERIO DE LA VIVIENDA Y URBANISMO;Región del Maule;Talca;1
691232;ADM. FINANCIERO DEL SISTEMA DE SALUD DE LA ARMADA;111875;DIRECCION DE ABASTECIMIENTO DE LA ARMADA;Región de Valparaíso;Viña del Mar;3
691860;FACULTAD DE FILOSOFIA Y EDUCACION;164268;UNIVERSIDAD METROPOLITANA DE CIENCIAS DE LA EDUCACION;Región Metropolitana de Santiago;Ñuñoa;1
692618;SUSTENTABILIDAD;1288587;FUNDACION CHILE;Región Metropolitana de Santiago;Vitacura;7
696212;FISCALIA REGIONAL METROPOLITANA SUR;224060;MINISTERIO PUBLICO;Región Metropolitana de Santiago;San Miguel;3
696217;FR TARAPACA;224060;MINISTERIO PUBLICO;Región de Tarapacá;Iquique;4
696704;FR MAULE;224060;MINISTERIO PUBLICO;Región del Maule;Talca;2
696713;FRM ORIENTE;224060;MINISTERIO PUBLICO;Región Metropolitana de Santiago;Las Condes;1
696954;FISCALIA LOS LAGOS;224060;MINISTERIO PUBLICO;;;1
696961;FR ARAUCANIA;224060;MINISTERIO PUBLICO;Región de la Araucanía;Temuco;1
697;INSTITUTO ANTARTICO CHILENO;7004;INSTITUTO ANTARTICO CHILENO;Región de Magallanes y de la Antártica;Punta Arenas;5
699360;Departamento Análisis Criminal;113812;DIRECCION DE LOGISTICA DE CARABINEROS;Región Metropolitana de Santiago;Santiago Centro;1
699866;Insumos Clínicos;7260;SERVICIO DE SALUD DEL MAULE HOSPITAL DE TALCA;Región del Maule;Talca;28
700;INE -  III REGION;6931;INSTITUTO NACIONAL DE ESTADISTICAS;Región de Atacama;Copiapó;1
700591;CENTRO INNOVACION EN CAPITAL HUMANO;1288587;FUNDACION CHILE;Región Metropolitana de Santiago;Vitacura;7
701;D.N - Servicio Nacional de Pesca y Acuicultura;7008;SERV NACIONAL DE PESCA;Región de Valparaíso;Valparaíso;30
701475;Jdo de Letras del Trabajo de Chillan;7342;CORP ADMINISTRATIVA DEL PODER JUDICIAL;Región del Ñuble;Chillán;1
707409;Regional Arica-Parinacota;1172700;FUNDACION EDUCACIONAL PARA EL DESAROLLO INTEGRAL DE LA NIÑEZ;Región de Arica y Parinacota;Arica;1
707415;Regional Antofagasta;1172700;FUNDACION EDUCACIONAL PARA EL DESAROLLO INTEGRAL DE LA NIÑEZ;Región de Antofagasta;Antofagasta;1
707418;Regional Coquimbo;1172700;FUNDACION EDUCACIONAL PARA EL DESAROLLO INTEGRAL DE LA NIÑEZ;Región de Coquimbo;La Serena;4
707419;Regional Valparaiso;1172700;FUNDACION EDUCACIONAL PARA EL DESAROLLO INTEGRAL DE LA NIÑEZ;Región de Valparaíso;Viña del Mar;6
707420;Regional Maule;1172700;FUNDACION EDUCACIONAL PARA EL DESAROLLO INTEGRAL DE LA NIÑEZ;Región del Maule;Talca;2
707422;Regional Bio-Bio;1172700;FUNDACION EDUCACIONAL PARA EL DESAROLLO INTEGRAL DE LA NIÑEZ;Región del Biobío;Concepción;24
707423;Regional Araucania;1172700;FUNDACION EDUCACIONAL PARA EL DESAROLLO INTEGRAL DE LA NIÑEZ;Región de la Araucanía;Temuco;9
707425;Regional Los Lagos;1172700;FUNDACION EDUCACIONAL PARA EL DESAROLLO INTEGRAL DE LA NIÑEZ;Región de los Lagos;Puerto Montt;5
707426;Regional Aysen;1172700;FUNDACION EDUCACIONAL PARA EL DESAROLLO INTEGRAL DE LA NIÑEZ;Región Aysén del General Carlos Ibáñez del Campo;Coyhaique;8
707428;Regional Sur-Oriente;1172700;FUNDACION EDUCACIONAL PARA EL DESAROLLO INTEGRAL DE LA NIÑEZ;Región Metropolitana de Santiago;Santiago;3
707429;Regional Nor-Poniente;1172700;FUNDACION EDUCACIONAL PARA EL DESAROLLO INTEGRAL DE LA NIÑEZ;Región Metropolitana de Santiago;Santiago Centro;13
709129;FR Magallanes;224060;MINISTERIO PUBLICO;Región de Magallanes y de la Antártica;Punta Arenas;2
709603;SUPERINTENDENCIA DE EDUCACIÓN ESCOLAR;1309788;SUPERINTENDENCIA DE EDUCACION ESCOLAR;Región Metropolitana de Santiago;Santiago;12
711;SUBSECRETARÍA DE TRANSPORTES;7007;SUBSECRETARIA DE TRANSPORTES;Región Metropolitana de Santiago;Santiago;14
711841;SUBSECRETARIA DE SERVICIOS SOCIALES;6947;SUBSECRETARIA DE SERVICIOS SOCIALES;Región Metropolitana de Santiago;Santiago Centro;22
717503;Asociación Chilena de Municipalidades;1317359;Asociación Chilena de Municipalidades;Región Metropolitana de Santiago;Santiago;1
720;SAG - Arica y Parinacota;6919;SERVICIO AGRICOLA Y GANADERO;Región de Arica y Parinacota;Arica;3
721;CAPREDENA;7175;CAJA DE PREVISION DE LA DEFENSA NACIONAL;Región Metropolitana de Santiago;Santiago;1
721703;Nivel Central;1317960;AGENCIA DE CALIDAD DE LA EDUCACION;Región Metropolitana de Santiago;Santiago Centro;23
722;Gobierno Regional de La Araucanía;7013;GOBIERNO REGIONAL DE LA ARAUCANIA;Región de la Araucanía;Temuco;5
722640;DEPTO SALUD;1053458;I MUNICIPALIDAD DE COLCHANE;Región de Tarapacá;Colchane;1
723;Dirección Regional de Aysen del Gral Carlos Ibañez;6950;SERVICIO DE COOPERACION TECNICA;Región Aysén del General Carlos Ibáñez del Campo;Coyhaique;1
725;JUNTA DE AERONAUTICA CIVIL;7014;JUNTA DE AERONAUTICA CIVIL;Región Metropolitana de Santiago;Santiago;1
727865;"Jef Adm y Logística - Campo Militar ""La Reina""";111870;DIVISION LOGISTICA DEL EJERCITO;Región Metropolitana de Santiago;La Reina;1
728;Instituto Nacional de Hidráulicas - INH;7176;INSTITUTO NACIONAL DE HIDRAULICA;Región Metropolitana de Santiago;Peñaflor;2
729587;Jdo de Garantia de San Pedro de la Paz;7342;CORP ADMINISTRATIVA DEL PODER JUDICIAL;Región del Biobío;San Pedro de La Paz;1
730566;Subsecretaría de Evaluación Social;1329930;SUBSECRETARIA DE EVALUACION SOCIAL;Región Metropolitana de Santiago;Santiago;11
732;SUBSECRETARIA DEL MINISTERIO DE MINERIA;7018;SUBSECRETARIA DEL MINISTERIO DE MINERIA;;;10
732434;Centro de Sangre;7205;SERVICIO DE SALUD CONCEPCION;;;3
732476;TOP de San Bernardo;7342;CORP ADMINISTRATIVA DEL PODER JUDICIAL;Región Metropolitana de Santiago;San Bernardo;1
734;DIRECCION;7206;SERVICIO DE SALUD AYSEN CARLOS IBANEZ DEL CAMPO;Región Aysén del General Carlos Ibáñez del Campo;Coyhaique;12
739;Unidad de Compra – Región de Valparaíso;6937;INSTITUTO DE DESARROLLO AGROPECUARIO;Región de Valparaíso;Quillota;2
740;Unidad de Compra – Región del Maule;6937;INSTITUTO DE DESARROLLO AGROPECUARIO;Región del Maule;Talca;1
741;Unidad de Compra – Región de la Araucanía;6937;INSTITUTO DE DESARROLLO AGROPECUARIO;Región de la Araucanía;Temuco;2
741422;Jdo de Familia de Coyhaique;7342;CORP ADMINISTRATIVA DEL PODER JUDICIAL;Región Aysén del General Carlos Ibáñez del Campo;Coyhaique;2
742246;AGS 61 CABO DE HORNOS;111875;DIRECCION DE ABASTECIMIENTO DE LA ARMADA;Región de Valparaíso;Valparaíso;2
743;Unidad de Compra – Región Metropolitana;6937;INSTITUTO DE DESARROLLO AGROPECUARIO;Región Metropolitana de Santiago;Santiago;1
744835;Departamento de Adquisiciones;86518;I MUNICIPALIDAD DE LO ESPEJO;Región Metropolitana de Santiago;Lo Espejo;14
745;INE -  VI Región;6931;INSTITUTO NACIONAL DE ESTADISTICAS;Región del Libertador General Bernardo O´Higgins;Rancagua;2
745463;SENDA- CAPACITACIONES;1264424;SERVICIO NACIONAL PARA LA PREVENCION Y REHABILITACION DEL CONSUMO DE D;Región Metropolitana de Santiago;Santiago Centro;2
748;INE -  IX Región;6931;INSTITUTO NACIONAL DE ESTADISTICAS;Región de la Araucanía;Temuco;4
748201;Unidad de Compras Farmacia;7175;CAJA DE PREVISION DE LA DEFENSA NACIONAL;Región Metropolitana de Santiago;Santiago;3
749;INE -   XI Región;6931;INSTITUTO NACIONAL DE ESTADISTICAS;Región Aysén del General Carlos Ibáñez del Campo;Coyhaique;1
750998;Departamento de Licitaciones;86518;I MUNICIPALIDAD DE LO ESPEJO;Región Metropolitana de Santiago;Lo Espejo;5
751;Gobierno Regional de Atacama;7077;GOBIERNO REGIONAL DE ATACAMA;Región de Atacama;Copiapó;9
752;Gobierno Regional de Los Lagos;7207;GOBIERNO REGIONAL DECIMA REGION LOS LAGOS;Región de los Lagos;Puerto Montt;7
752621;T.T.A. Region Metropolitana 3;1083414;UNIDAD ADMINISTRADORA DE LOS TRIBUNALES TRIBUTARIOS Y ADUANEROS;Región Metropolitana de Santiago;Providencia;1
752654;T.T.A. Region de los Rios;1083414;UNIDAD ADMINISTRADORA DE LOS TRIBUNALES TRIBUTARIOS Y ADUANEROS;Región de Los Ríos;Valdivia;1
752655;T.T.A. Region de Aysen;1083414;UNIDAD ADMINISTRADORA DE LOS TRIBUNALES TRIBUTARIOS Y ADUANEROS;Región Aysén del General Carlos Ibáñez del Campo;Coyhaique;1
756;SUBSECRETARIA DE ECONOMIA Y EMPRESAS DE MENOR TAMA;7078;SUBSECRETARIA DE ECONOMIA Y EMPRESAS DE MENOR TAMANO;Región Metropolitana de Santiago;Santiago;36
757;Subsecretaría de Salud Pública;7079;SUBSECRETARIA DE SALUD PUBLICA;Región Metropolitana de Santiago;Santiago Centro;11
758;COMPRAS NORMALES;7180;SERVICIO NACIONAL DE PREVENCIÓN Y RESPUESTA ANTE DESASTRES;Región Metropolitana de Santiago;Santiago;30
758004;FCFM-Centro Sismologico Nacional;7251;UNIVERSIDAD DE CHILE;Región Metropolitana de Santiago;Santiago;1
759;Ministerio de justicia - Subsecretaría de Justicia;7080;SUBSECRETARIA DEL MINISTERIO DE JUSTICIA;Región Metropolitana de Santiago;Santiago Centro;11
759916;CESFAM ANDES;7029;SERVICIO SALUD METROPOLITANO OCCIDENTE;Región Metropolitana de Santiago;Quinta Normal;1
760;SAG - Valparaíso;6919;SERVICIO AGRICOLA Y GANADERO;Región de Valparaíso;Quillota;1
761;Ministerio del Interior - Subsecretaría de Desarrollo Regional;7081;SUBSECRETARIA DE DESARROLLO REGIONAL Y ADMINISTRATIVO;Región Metropolitana de Santiago;Santiago;7
761391;Base Aérea El Bosque;6946;FUERZA AEREA DE CHILE COMANDO LOGISTICO;Región Metropolitana de Santiago;El Bosque;43
762;C - Subdireccion Administracion y Finanzas SAF;7182;FONDO DE SOLIDARIDAD E INVERSION SOCIAL;Región Metropolitana de Santiago;Santiago;1
763003;BASE INFANTERIA DE MARINA TUMBES;111875;DIRECCION DE ABASTECIMIENTO DE LA ARMADA;Región del Biobío;Talcahuano;9
764;DELEGACIÓN PRESIDENCIAL REGIONAL DE MAGALLANES Y D;7214;DELEGACIÓN PRESIDENCIAL REGIONAL DE MAGALLANES Y DE LA ANTÁRTICA CHILE;Región de Magallanes y de la Antártica;Punta Arenas;2
765;CORP NACIONAL DE DESARROLLO INDIGENA;7183;CORP NACIONAL DE DESARROLLO INDIGENA;Región de la Araucanía;Temuco;1
768606;Jdo de Letras y Familia de Villarrica;7342;CORP ADMINISTRATIVA DEL PODER JUDICIAL;Región de la Araucanía;Villarrica;1
769;SERVICIO DE SALUD ANTOFAGASTA DIRECCION;7185;SERVICIO DE SALUD ANTOFAGASTA DIRECCION;Región de Antofagasta;Antofagasta;3
770634;Jdo de Garantia de San Fernando;7342;CORP ADMINISTRATIVA DEL PODER JUDICIAL;Región del Libertador General Bernardo O´Higgins;San Fernando;2
770640;Jdo de Garantia de Santa Cruz;7342;CORP ADMINISTRATIVA DEL PODER JUDICIAL;Región del Libertador General Bernardo O´Higgins;Santa Cruz;1
770645;TOP de San Fernando;7342;CORP ADMINISTRATIVA DEL PODER JUDICIAL;Región del Libertador General Bernardo O´Higgins;San Fernando;2
770700;Jdo de Familia de Santa Cruz;7342;CORP ADMINISTRATIVA DEL PODER JUDICIAL;Región del Libertador General Bernardo O´Higgins;Santa Cruz;1
775900;Pasajes Subsecretaría del Medio Ambiente;1198788;SUBSECRETARIA DEL MEDIO AMBIENTE;Región Metropolitana de Santiago;Santiago;11
776;Presidencia de la República;7238;PRESIDENCIA DE LA REPUBLICA;Región Metropolitana de Santiago;Santiago;12
777304;UNIDAD DE COMPRA INSUMOS  Y OTROS;1375151;HOSPITAL CLINICO METROPOLITANO DE LA FLORIDA DOCTORA ELOISA DIAZ;Región Metropolitana de Santiago;La Florida;43
778989;3ra Brigada Acorazada La Concepción - 3RA BRIACO;111870;DIVISION LOGISTICA DEL EJERCITO;Región de Antofagasta;Antofagasta;5
778992;"Brigada Motorizada N° 1 ""Calama"" - BRIMOT N 1";111870;DIVISION LOGISTICA DEL EJERCITO;Región de Antofagasta;Calama;11
778993;"Regimiento N° 23 ""Copiapó""";111870;DIVISION LOGISTICA DEL EJERCITO;Región de Atacama;Copiapó;2
778998;"Regimiento Logístico N° 1 ""Tocopilla""";111870;DIVISION LOGISTICA DEL EJERCITO;Región de Antofagasta;Antofagasta;1
779442;TOP de Castro;7342;CORP ADMINISTRATIVA DEL PODER JUDICIAL;Región de los Lagos;Castro;1
779469;Jdo de Letras del Trabajo de Castro;7342;CORP ADMINISTRATIVA DEL PODER JUDICIAL;Región de los Lagos;Castro;1
780724;Ilustre Tercer Tribunal Ambiental;1378463;ILUSTRE TERCER TRIBUNAL AMBIENTAL;Región de Los Ríos;Valdivia;4
788110;Departamento de Salud;135559;I MUNICIPALIDAD DE SAN VICENTE;Región del Libertador General Bernardo O´Higgins;San Vicente de Tagua Tagua;1
791756;SII DR19 Direccion Regional Santiago Norte;7113;SERVICIO DE IMPUESTOS INTERNOS DIRECCION;Región Metropolitana de Santiago;Recoleta;1
791766;Programa de Atencion a Victimas;1256896;SUBSECRETARIA DE PREVENCION DEL DELITO;Región Metropolitana de Santiago;Santiago Centro;4
792969;SUPEREDUC DIRECCION REGIONAL XIV;1309788;SUPERINTENDENCIA DE EDUCACION ESCOLAR;Región de Los Ríos;Valdivia;1
794807;PRAIS;7262;SERVICIO DE SALUD DEL MAULE HOSPITAL SAN JAVIER;;;1
796290;Bienestar Social III Brigada Aerea;6946;FUERZA AEREA DE CHILE COMANDO LOGISTICO;Región de los Lagos;Puerto Montt;2
796297;Bienestar Social IV Brigada Aerea;6946;FUERZA AEREA DE CHILE COMANDO LOGISTICO;Región de Magallanes y de la Antártica;Punta Arenas;2
797305;Superintendencia de Insolvencia y Reemprendimiento;7181;SUPERINTENDENCIA DE INSOLVENCIA Y REEMPRENDIMIENTO;Región Metropolitana de Santiago;Santiago Centro;1
799512;Corporación;1396697;CORP MUNICIPAL DE VALPARAISO PARA EL DESARROLLO SOCIAL;Región de Valparaíso;Valparaíso;4
799595;Subsecretaría del Deporte;1396777;SUBSECRETARIA DEL DEPORTE;Región Metropolitana de Santiago;Providencia;4
800;Hospital Clínico Univ. de Chile - Insumos Clínicos;7251;UNIVERSIDAD DE CHILE;Región Metropolitana de Santiago;Independencia;34
802;CONADI SUBDIRECCION  IQUIQUE;7183;CORP NACIONAL DE DESARROLLO INDIGENA;Región de Tarapacá;Iquique;1
804962;DEPARTAMENTO DE SALUD MUNICIPAL;119273;I MUNICIPALIDAD DE OLIVAR;Región del Libertador General Bernardo O´Higgins;Olivar;3
805;O.A.I.  Santiago CONADI;7183;CORP NACIONAL DE DESARROLLO INDIGENA;Región Metropolitana de Santiago;Providencia;1
806;Dirección Regional Cañete CONADI;7183;CORP NACIONAL DE DESARROLLO INDIGENA;Región del Biobío;Cañete;1
806208;Facultad de Medicina;204439;UNIVERSIDAD DE TARAPACA;Región de Arica y Parinacota;Arica;2
809;Subdirección Nacional de Temuco;7183;CORP NACIONAL DE DESARROLLO INDIGENA;Región de la Araucanía;Temuco;2
812030;medicamentos, oxigeno y trauma;1375151;HOSPITAL CLINICO METROPOLITANO DE LA FLORIDA DOCTORA ELOISA DIAZ;Región Metropolitana de Santiago;La Florida;8
813;Cotizaciones - ISP;7177;INSTITUTO DE SALUD PUBLICA DE CHILE;Región Metropolitana de Santiago;Santiago;5
813685;DIRECCION GENERAL DEL TERRITORIO MARIT Y MM (AB);111875;DIRECCION DE ABASTECIMIENTO DE LA ARMADA;Región de Valparaíso;Valparaíso;14
815;Dirección Regional Aduana de Puerto Montt;6952;SERVICIO NACIONAL DE ADUANAS;Región de los Lagos;Puerto Montt;1
828;Dirección de Arquitectura - XI Región;7245;MINISTERIO DE OBRAS PUBLICAS DIREC CION GRAL DE OO PP DCYF;Región Aysén del General Carlos Ibáñez del Campo;Coyhaique;1
831;Gobierno Regional de la Región del Bío Bío;7015;GOBIERNO REGIONAL DE LA REGION DEL BIO BIO;Región del Biobío;Concepción;17
835727;Administracion Municipal;118859;Ilustre Municipalidad de General Lagos;Región de Arica y Parinacota;General Lagos;1
836;Gobierno Regional de Valparaiso - V Región;7172;GOBIERNO REGIONAL V REGION;;;7
837;SERVICIO MEDICO LEGAL;7179;SERVICIO MEDICO LEGAL;Región Metropolitana de Santiago;Independencia;14
838100;"División de Bienestar ZB ""Concepción"" BSoc";111870;DIVISION LOGISTICA DEL EJERCITO;Región del Biobío;San Pedro de La Paz;1
838101;"División de Bienestar - ZB ""Coyhaique"" BSoc";111870;DIVISION LOGISTICA DEL EJERCITO;Región Aysén del General Carlos Ibáñez del Campo;Coyhaique;3
838102;"División de Bienestar - ZB ""Iquique"" BSoc";111870;DIVISION LOGISTICA DEL EJERCITO;Región de Tarapacá;Iquique;1
838104;División de Bienestar ZB Región Metropolitana BSoc;111870;DIVISION LOGISTICA DEL EJERCITO;Región Metropolitana de Santiago;Estación Central;48
838106;"División de Bienestar - ZB ""Valdivia"" BSoc";111870;DIVISION LOGISTICA DEL EJERCITO;Región de Los Ríos;Valdivia;1
838108;"División de Bienestar ZB ""Valparaíso"" BSoc";111870;DIVISION LOGISTICA DEL EJERCITO;;;5
839;FONASA DIRECCIÓN ZONAL CENTRO NORTE;6954;FONDO NACIONAL DE SALUD;;;2
845;Junji - I Región - Iquique;6928;JUNTA NACIONAL DE JARDINES         INFANTILES;Región de Tarapacá;Iquique;2
847;Junji - V Región;6928;JUNTA NACIONAL DE JARDINES         INFANTILES;Región de Valparaíso;Viña del Mar;8
848;Junji - VII Región;6928;JUNTA NACIONAL DE JARDINES         INFANTILES;Región del Maule;Talca;10
85;JUNTA NACIONAL DE AUXILIO ESCOLAR Y BECA;7002;JUNTA NACIONAL DE AUXILIO ESCOLAR Y BECA;;;4
852;Junji - IX Región;6928;JUNTA NACIONAL DE JARDINES         INFANTILES;Región de la Araucanía;Temuco;12
853;Junji - X Región;6928;JUNTA NACIONAL DE JARDINES         INFANTILES;Región de los Lagos;Puerto Montt;8
854;Junji - XI Región;6928;JUNTA NACIONAL DE JARDINES         INFANTILES;Región Aysén del General Carlos Ibáñez del Campo;Coyhaique;4
855;Junji - XII Región;6928;JUNTA NACIONAL DE JARDINES         INFANTILES;Región de Magallanes y de la Antártica;Punta Arenas;13
855695;SERVICIO DE BIENESTAR SALUD MUNICIPAL;86545;I MUNICIPALIDAD DE LINARES;Región del Maule;Linares;1
856;Junji - Región Metropolitana;6928;JUNTA NACIONAL DE JARDINES         INFANTILES;;;28
857;Servicio Nacional de la Discapacidad;7184;SERVICIO NACIONAL DE LA DISCAPACIDAD;Región Metropolitana de Santiago;Santiago;1
858;Nivel Central;7216;INSTITUTO NACIONAL DE DEPORTES DE CHILE;Región Metropolitana de Santiago;Providencia;6
859378;14 Convenio Desempeño - Proyectos;96996;UNIVERSIDAD DE VALPARAISO;Región de Valparaíso;Valparaíso;1
867990;DEPARTAMENTO DE COORDINACIÓN INSTITUCIONAL - DCI;212299;UNIVERSIDAD DE SANTIAGO DE CHILE;Región Metropolitana de Santiago;Estación Central;1
868;Gobierno Regional de Aysen - XI Región;7085;GOBIERNO REGIONAL DE AYSEN;Región Aysén del General Carlos Ibáñez del Campo;Coyhaique;5
870;Comisión Nacional de Riego;7186;COMISION NACIONAL DE RIEGO;Región Metropolitana de Santiago;Santiago;2
872;Comisión Chilena de Energía Nuclear;7219;Comisión Chilena de Energía Nuclear;Región Metropolitana de Santiago;Pudahuel;3
872535;Administración Municipal;116299;I MUNICIPALIDAD DE TENO;Región del Maule;Teno;3
873233;POLÍCLINICO MÉDICO - DENTAL DE PUERTO MONTT;111875;DIRECCION DE ABASTECIMIENTO DE LA ARMADA;Región de los Lagos;Puerto Montt;1
875;Agencia de Promoción de la Inversión Extranjera;7193;AGENCIA DE PROMOCION DE LA INVERSION EXTRANJERA;Región Metropolitana de Santiago;Santiago;1
875646;Hospital Dr. Eduardo Pereira Ramirez;1470807;Hospital Dr. Eduardo Pereira Ramirez;Región de Valparaíso;Valparaíso;12
876;Ministerio Secretaría General de Gobierno;7194;SECRETARIA GENERAL DE GOBIERNO;Región Metropolitana de Santiago;Santiago Centro;5
879;Instituto Nacional de la Juventud - MIDESO;7197;INSTITUTO NACIONAL DE LA JUVENTUD;Región Metropolitana de Santiago;Santiago;1
881;GORE ANTOFAGASTA PROGRAMA 01 FUNCIONAMIENTO;7199;GOBIERNO REGIONAL DE ANTOFAGASTA;Región de Antofagasta;Antofagasta;5
883;UNIDAD DE COMPRA AMB;7202;DIRECCION GENERAL DE AERONAUTICA CIVIL;Región Metropolitana de Santiago;Pudahuel;2
885;Contraloría General de la República;7231;CONTRALORIA GENERAL DE LA REPUBLICA;Región Metropolitana de Santiago;Santiago;2
886182;Universidad de Aysen;1480923;UNIVERSIDAD DE AYSEN;Región Aysén del General Carlos Ibáñez del Campo;Coyhaique;10
886954;Abastecimiento Insumos;7324;HOSPITAL GUILLERMO GRANT BENAVENTE DE CO;Región del Biobío;Concepción;35
889473;UNIVERSIDAD DE O'HIGGINS;1484134;UNIVERSIDAD DE O'HIGGINS;Región del Libertador General Bernardo O´Higgins;Rancagua;8
892202;II Antofagasta;225773;SERVICIO ELECTORAL;Región de Antofagasta;Antofagasta;1
893;Dirección General de Aguas - X Región;7247;MINISTERIO DE OBRAS PUBLICAS DIREC CION GRAL DE OO PP DCYF;Región de los Lagos;Puerto Montt;2
894359;XI Coyhaique;225773;SERVICIO ELECTORAL;;;1
895072;Unidad de Compras;1489605;SUBSECRETARIA DE EDUCACION PARVULARIA;Región Metropolitana de Santiago;Santiago;3
898;HOSPITAL CLAUDIO VICUNA;7239;SERVICIO DE SALUD VALPARAISO SAN ANTONIO;Región de Valparaíso;San Antonio;31
899;Hospital San Jose - Casablanca;7239;SERVICIO DE SALUD VALPARAISO SAN ANTONIO;Región de Valparaíso;Casablanca;6
900;Hospital Psquiatrico del Salvador;7239;SERVICIO DE SALUD VALPARAISO SAN ANTONIO;Región de Valparaíso;Valparaíso;9
902;SAG - Maule;6919;SERVICIO AGRICOLA Y GANADERO;;;1
902977;Departamento de Salud;224045;ILUSTRE MUNICIPALIDAD DE TIMAUKEL;Región de Magallanes y de la Antártica;Timaukel;1
903556;15 Administración de Edificios Nivel Central;96996;UNIVERSIDAD DE VALPARAISO;Región de Valparaíso;Valparaíso;3
904;SAG - Atacama;6919;SERVICIO AGRICOLA Y GANADERO;Región de Atacama;Copiapó;1
906;SAG - Araucanía;6919;SERVICIO AGRICOLA Y GANADERO;Región de la Araucanía;Temuco;2
907;SAG - Aysen;6919;SERVICIO AGRICOLA Y GANADERO;;;2
907562;Departamento Salud;118077;I MUNICIPALIDAD DE PICA;;;3
911089;Zona de Bienestar Coyhaique;111870;DIVISION LOGISTICA DEL EJERCITO;Región Aysén del General Carlos Ibáñez del Campo;Coyhaique;1
918434;MINISTERIO DE LA MUJER Y LA EQUIDAD DE GÉNERO;1512218;MINISTERIO DE LA MUJER Y LA EQUIDAD DE GÉNERO;Región Metropolitana de Santiago;Santiago;5
920802;Zona de Bienestar Punta Arenas;111870;DIVISION LOGISTICA DEL EJERCITO;Región de Magallanes y de la Antártica;Punta Arenas;1
921831;Zona de Bienestar Concepción;111870;DIVISION LOGISTICA DEL EJERCITO;Región del Biobío;Concepción;1
922070;Zona de Bienestar Antofagasta;111870;DIVISION LOGISTICA DEL EJERCITO;Región de Antofagasta;Antofagasta;2
923842;FCFM Centro de Energia;7251;UNIVERSIDAD DE CHILE;Región Metropolitana de Santiago;Santiago;1
924;Seremi Salud R.M.;7079;SUBSECRETARIA DE SALUD PUBLICA;Región Metropolitana de Santiago;Santiago;1
928;I.N.D. ESTADIO NACIONAL;7216;INSTITUTO NACIONAL DE DEPORTES DE CHILE;Región Metropolitana de Santiago;Santiago;10
930;I.N.D. REGION II;7216;INSTITUTO NACIONAL DE DEPORTES DE CHILE;Región de Antofagasta;Antofagasta;3
930039;MUSEO REGIONAL DE AYSEN;7011;SERVICIO NACIONAL DEL PATRIMONIO CULTURAL;Región Aysén del General Carlos Ibáñez del Campo;Aysén;1
932;I.N.D. REGION VI;7216;INSTITUTO NACIONAL DE DEPORTES DE CHILE;Región del Libertador General Bernardo O´Higgins;Rancagua;4
934;I.N.D. REGION X;7216;INSTITUTO NACIONAL DE DEPORTES DE CHILE;Región de los Lagos;Puerto Montt;4
935;I.N.D. REGION XII;7216;INSTITUTO NACIONAL DE DEPORTES DE CHILE;Región de Magallanes y de la Antártica;Punta Arenas;5
935934;Zona de Bienestar Iquique;111870;DIVISION LOGISTICA DEL EJERCITO;Región de Tarapacá;Iquique;2
937232;Centro de Referencia de Salud Hospital Provincia Cordillera;1530575;CENTRO DE REFERENCIA DE SALUD HOSPITAL PROVINCIA CORDILLERA;Región Metropolitana de Santiago;Puente Alto;13
938614;Zona de Bienestar Región Metropolitana;111870;DIVISION LOGISTICA DEL EJERCITO;Región Metropolitana de Santiago;Santiago;12
94;Dirección Servicio Nacional del Patrimonio Cultura;7011;SERVICIO NACIONAL DEL PATRIMONIO CULTURAL;Región Metropolitana de Santiago;Santiago;10
945256;Zona de Bienestar Valparaíso;111870;DIVISION LOGISTICA DEL EJERCITO;Región de Valparaíso;Viña del Mar;1
947621;CENTRO DE ABASTECIMIENTO PM;111875;DIRECCION DE ABASTECIMIENTO DE LA ARMADA;Región de los Lagos;Puerto Montt;5
947750;SECPLA;113428;I MUNICIPALIDAD DE SAN PEDRO DE ATACAMA;Región de Antofagasta;San Pedro de Atacama;1
948;Mineduc Administración I Región;6958;SUBSECRETARIA DEL MINISTERIO DE EDUCACION PUBLICA;Región de Tarapacá;Iquique;1
948354;Unidad de Compra de Bienes y Servicios;220665;FONDO HOSPITAL DE LA DIRECCION DE PREVISION DE CARABINEROS DE CHILE;Región Metropolitana de Santiago;Las Condes;3
948355;Unidad de Compra Insumos Médicos;220665;FONDO HOSPITAL DE LA DIRECCION DE PREVISION DE CARABINEROS DE CHILE;;;2
950;Mineduc Administración V Región;6958;SUBSECRETARIA DEL MINISTERIO DE EDUCACION PUBLICA;;;1
951405;"JAL - Guarnición ""Coyhaique""";111870;DIVISION LOGISTICA DEL EJERCITO;Región Aysén del General Carlos Ibáñez del Campo;Coyhaique;8
952751;DAS SAN PEDRO DE LA PAZ;100704;I MUNICIPALIDAD DE SAN PEDRO DE LA PAZ;Región del Biobío;San Pedro de La Paz;9
952946;Jef Adm y Logística - Campo Militar Valdivia;111870;DIVISION LOGISTICA DEL EJERCITO;Región de Los Ríos;Valdivia;5
956;SERVICIO DE SALUD VALPARAISO SAN ANTONIO;7239;SERVICIO DE SALUD VALPARAISO SAN ANTONIO;Región de Valparaíso;Valparaíso;10
957865;Subsecretaría de Derechos Humanos;1550588;SUBSECRETARIA DE DERECHOS HUMANOS;Región Metropolitana de Santiago;Santiago;8
960841;COMPLEJO EDUCACIONAL;113853;I MUNICIPALIDAD DE COLLIPULLI;Región de la Araucanía;Collipulli;1
960854;VICTOR DURAN PEREZ;113853;I MUNICIPALIDAD DE COLLIPULLI;Región de la Araucanía;Collipulli;1
960855;RAUL CASTRO MARQUEZ;113853;I MUNICIPALIDAD DE COLLIPULLI;Región de la Araucanía;Collipulli;1
960858;MIGUEL HUENTELEN;113853;I MUNICIPALIDAD DE COLLIPULLI;Región de la Araucanía;Collipulli;2
963476;FCFM Centro Tecnológico Ucampus;7251;UNIVERSIDAD DE CHILE;Región Metropolitana de Santiago;Providencia;1
966865;Operaciones;1513502;FUND TIEMPOS NUEVOS;Región Metropolitana de Santiago;La Granja;1
967;VII Región - Provincial Talca;6924;CORP NACIONAL FORESTAL;Región del Maule;Talca;1
967384;"Macro Zona de Salud ""Coyhaique""";111870;DIVISION LOGISTICA DEL EJERCITO;Región Aysén del General Carlos Ibáñez del Campo;Coyhaique;2
967490;Escuela de Especialidades Carabineros;113812;DIRECCION DE LOGISTICA DE CARABINEROS;Región Metropolitana de Santiago;Estación Central;1
968695;Jef. Adm. y Logística - Campo Militar Peñalolén;111870;DIVISION LOGISTICA DEL EJERCITO;Región Metropolitana de Santiago;Peñalolén;4
974550;"Macro Zona de Salud ""Santiago Centro Norte""";111870;DIVISION LOGISTICA DEL EJERCITO;Región Metropolitana de Santiago;Santiago Centro;1
975;Dirección de Obras Hidráulicas - MOP;7242;MINISTERIO DE OBRAS PUBLICAS DIREC CION GRAL DE OO PP DCYF;Región Metropolitana de Santiago;Santiago Centro;6
976;Dirección de Aeropuertos - MOPTT;7243;MINISTERIO DE OBRAS PUBLICAS DIREC CION GRAL DE OO PP DCYF;Región Metropolitana de Santiago;Santiago;9
978;Dirección de Obras Portuarias - MOP;7246;MINISTERIO DE OBRAS PUBLICAS DIREC CION GRAL DE OO PP DCYF;Región Metropolitana de Santiago;Santiago Centro;5
979;Dirección de Vialidad - Nivel Central - Abastecimiento;7248;MINISTERIO DE OBRAS PUBLICAS DIREC CION GRAL DE OO PP DCYF;Región Metropolitana de Santiago;Santiago;25
980;Dirección General de Obras Publicas - MOP;7250;MINISTERIO DE OBRAS PUBLICAS DIREC CION GRAL DE OO PP DCYF;Región Metropolitana de Santiago;Santiago;14
983344;"Macro Zona de Salud ""Valdivia""";111870;DIVISION LOGISTICA DEL EJERCITO;Región de Los Ríos;Valdivia;1
986278;Sub-Unidad Adquisiciones y Contrataciones Públicas;1577943;CENTRO DE FORMACION TECNICA DE LA REGION DE LA ARAUCANIA;Región de la Araucanía;Lautaro;4
988298;SERVICIO DE BIENESTAR DEL PERSONAL CMPA;87388;I MUNICIPALIDAD DE PUENTE ALTO;Región Metropolitana de Santiago;Puente Alto;1
990973;CABO ODGER;111875;DIRECCION DE ABASTECIMIENTO DE LA ARMADA;Región de Tarapacá;Iquique;1
993;Dirección de Vialidad - II Región - Dirección Regional;7248;MINISTERIO DE OBRAS PUBLICAS DIREC CION GRAL DE OO PP DCYF;Región de Antofagasta;Antofagasta;6
994;Dirección de Vialidad - III Región - Dirección Regional;7248;MINISTERIO DE OBRAS PUBLICAS DIREC CION GRAL DE OO PP DCYF;Región de Atacama;Copiapó;3
994293;Juzgado de Letras y Garantía de Pucón;7342;CORP ADMINISTRATIVA DEL PODER JUDICIAL;Región de la Araucanía;Pucón;1
995118;Escuela de Suboficiales Grupo Concepción;113812;DIRECCION DE LOGISTICA DE CARABINEROS;Región del Biobío;Concepción;10
997;Dirección de Vialidad - VI Región - Dirección Regional;7248;MINISTERIO DE OBRAS PUBLICAS DIREC CION GRAL DE OO PP DCYF;Región del Libertador General Bernardo O´Higgins;Rancagua;1
998;Dirección de Vialidad - VIII Región - Dirección Regional;7248;MINISTERIO DE OBRAS PUBLICAS DIREC CION GRAL DE OO PP DCYF;Región del Biobío;Concepción;7
999;Dirección de Vialidad - VIII Región - Provincia Concepción;7248;MINISTERIO DE OBRAS PUBLICAS DIREC CION GRAL DE OO PP DCYF;Región del Biobío;Penco;2
